Country Name,Country Code,2001,2002,2003,2004,2005,2006,2007,2008,2009,2010,2011,2012,2013,2014,2015,2016,2017,2018,2019,IncomeGroup
Afghanistan,AFG,10.80900002,11.25699997,11.14099979,10.98799992,11.21700001,11.09899998,11.30099964,11.09300041,11.31099987,11.35200024,11.0539999,11.3409996,11.19299984,11.1420002,11.12699986,11.15799999,11.18000031,11.15200043,11.21700001,Low income
Angola,AGO,4.004000187,3.960999966,3.957999945,3.915999889,3.881999969,3.85800004,3.821000099,3.792999983,3.779999971,9.430000305,7.360000134,7.347000122,7.366000175,7.372000217,7.392000198,7.412000179,7.407999992,7.421000004,7.421000004,Lower middle income
Albania,ALB,18.57500076,17.89500046,16.98900032,16.30999947,15.97000027,15.63000011,15.97000027,13.06000042,13.67000008,14.09000015,13.47999954,13.38000011,15.86999989,18.04999924,17.19000053,15.42000008,13.61999989,12.30000019,11.47000027,Upper middle income
United Arab Emirates,ARE,2.493000031,2.648000002,2.750999928,2.907000065,3.119999886,2.937000036,2.871999979,2.736999989,2.678999901,2.480999947,2.302000046,2.184999943,2.04399991,1.911000013,1.768000007,1.639999986,2.460000038,2.351999998,2.230000019,High income
Argentina,ARG,17.31999969,19.59000015,15.35999966,13.52000046,11.51000023,10.07999992,8.470000267,7.840000153,8.649999619,7.710000038,7.179999828,7.21999979,7.099999905,7.269999981,7.520999908,8.111000061,8.350000381,9.220000267,9.840000153,Upper middle income
Armenia,ARM,10.9119997,10.77600002,10.59399986,10.34399986,10.20300007,9.996999741,9.81000042,14.39299965,18.44000053,19.01000023,18.44000053,17.29999924,16.18000031,17.5,18.26000023,17.62000084,17.70000076,18.96999931,18.29999924,Upper middle income
Australia,AUS,6.739999771,6.369999886,5.929999828,5.389999866,5.03000021,4.78000021,4.380000114,4.230000019,5.559999943,5.210000038,5.079999924,5.21999979,5.659999847,6.079999924,6.050000191,5.710000038,5.590000153,5.300000191,5.159999847,High income
Austria,AUT,4.010000229,4.849999905,4.78000021,5.829999924,5.630000114,5.239999771,4.860000134,4.130000114,5.300000191,4.820000172,4.559999943,4.869999886,5.329999924,5.619999886,5.71999979,6.010000229,5.5,4.849999905,4.489999771,High income
Azerbaijan,AZE,10.90999985,10.03999996,9.170000076,7.989999771,7.260000229,6.619999886,6.329999924,5.860000134,5.739999771,5.630000114,5.420000076,5.190000057,4.96999979,4.909999847,4.960000038,5.0,5.0,4.900000095,4.849999905,Upper middle income
Burundi,BDI,1.587000012,1.585999966,1.613000035,1.598999977,1.620000005,1.611999989,1.626999974,1.629999995,1.623000026,1.60800004,1.601999998,1.590000033,1.577999949,1.570000052,1.600000024,1.590000033,1.588999987,1.587000012,1.588999987,Low income
Belgium,BEL,6.179999828,6.909999847,7.679999828,7.360000134,8.43999958,8.25,7.460000038,6.980000019,7.909999847,8.289999962,7.139999866,7.539999962,8.430000305,8.520000458,8.479999542,7.829999924,7.090000153,5.949999809,5.360000134,High income
Benin,BEN,0.771000028,0.689999998,0.735000014,0.773999989,0.824999988,0.860000014,0.894999981,0.941999972,0.995000005,1.039999962,2.650000095,2.470999956,2.286999941,2.132999897,2.006999969,1.827999949,1.644000053,1.470000029,1.470000029,Lower middle income
Burkina Faso,BFA,2.648000002,2.730000019,2.779999971,3.414999962,4.0,3.654999971,3.299999952,3.413000107,3.559000015,3.644999981,3.785000086,3.913000107,4.046999931,4.188000202,4.321000099,4.434000015,4.563000202,4.690000057,4.69299984,Low income
Bangladesh,BGD,3.617000103,3.898000002,4.320000172,4.261000156,4.25,3.589999914,4.126999855,4.566999912,5.0,3.380000114,3.770999908,4.118999958,4.429999828,4.383999825,4.366000175,4.349999905,4.369999886,4.413000107,4.438000202,Lower middle income
Bulgaria,BGR,19.92000008,18.11000061,13.72999954,12.03999996,10.07999992,8.949999809,6.880000114,5.610000134,6.820000172,10.27999973,11.26000023,12.27000046,12.93999958,11.42000008,9.140000343,7.570000172,6.159999847,5.210000038,4.230000019,Upper middle income
Bahrain,BHR,1.10800004,1.105000019,1.087000012,1.085999966,1.090999961,1.097000003,1.088000059,1.106999993,1.139000058,1.129999995,1.180999994,1.200000048,1.184000015,1.190000057,1.202000022,1.190999985,1.182999969,1.200999975,1.19599998,High income
"Bahamas, The",BHS,6.869999886,9.050000191,10.84000015,10.19999981,10.19999981,7.539999962,7.880000114,8.180000305,14.25,14.31400013,14.52000046,14.02000046,16.18000031,13.80000019,12.0,12.69999981,9.800000191,10.0,10.06099987,High income
Bosnia and Herzegovina,BIH,26.61400032,27.54599953,28.36400032,29.36700058,30.40999985,31.11000061,28.97999954,23.40999985,24.06999969,27.30999947,27.57999992,28.01000023,27.48999977,27.52000046,27.69000053,25.40999985,20.53000069,18.39999962,15.68999958,Upper middle income
Belarus,BLR,11.5539999,10.90699959,10.32400036,9.819999695,9.062999725,8.399999619,7.672999859,7.032000065,6.099999905,6.252999783,6.165999889,6.051000118,6.006000042,5.993999958,5.840000153,5.840000153,5.650000095,4.760000229,4.159999847,Upper middle income
Belize,BLZ,9.069999695,10.03999996,10.23999977,10.58699989,10.90999985,9.390000343,8.510000229,8.180000305,8.25,8.241999626,8.284000397,8.305999756,8.350000381,8.239999771,7.579999924,7.0,6.599999905,6.644000053,6.710999966,Upper middle income
Bolivia,BOL,2.484999895,2.493999958,2.536999941,2.503000021,2.54399991,2.575999975,2.645999908,2.599999905,2.970000029,2.614000082,2.25,2.069999933,2.440000057,2.019999981,3.109999895,3.5,3.650000095,3.519999981,3.819999933,Lower middle income
Brazil,BRA,9.609999657,9.369999886,9.989999771,9.109999657,9.569999695,8.640000343,8.329999924,7.340000153,8.520000458,7.274000168,6.920000076,7.190000057,6.980000019,6.659999847,8.430000305,11.60000038,12.81999969,12.32999992,11.93000031,Upper middle income
Barbados,BRB,9.850000381,10.31999969,11.0,9.569999695,9.079999924,8.729999542,7.409999847,8.119999886,10.02000046,10.68999958,11.18999958,11.59000015,11.55000019,12.17000008,9.800000191,8.25,8.619999886,8.319999695,8.409999847,High income
Brunei Darussalam,BRN,5.784999847,5.940999985,6.012000084,6.020999908,6.125,6.409999847,6.333000183,6.348999977,6.465000153,6.774000168,6.940999985,6.915999889,6.880000114,6.96999979,7.784999847,8.383000374,9.319999695,8.699999809,6.920000076,High income
Bhutan,BTN,1.899999976,1.889000058,1.799999952,2.49000001,3.099999905,3.130000114,3.700000048,3.654999971,3.960000038,3.319999933,3.230000019,2.049999952,2.869999886,2.630000114,2.450000048,2.493000031,2.453000069,2.444000006,2.502000093,Lower middle income
Botswana,BWA,18.54000092,21.13100052,23.79999924,21.83099937,19.81399918,17.78000069,17.20499992,16.6420002,16.17000008,17.86000061,18.41699982,18.95100021,19.40099907,19.99099922,20.57099915,21.02899933,21.56599998,22.07099915,22.61000061,Upper middle income
Central African Republic,CAF,5.69299984,5.796000004,5.81099987,5.71600008,5.695000172,5.65899992,5.605999947,5.46999979,5.486999989,5.665999889,5.614999771,5.546000004,5.515999794,5.528999805,5.605999947,5.65199995,5.647999763,5.605000019,5.623000145,Low income
Canada,CAN,7.21999979,7.659999847,7.570000172,7.190000057,6.760000229,6.320000172,6.039999962,6.139999866,8.340000153,8.06000042,7.510000229,7.289999962,7.070000172,6.909999847,6.909999847,7.0,6.340000153,5.829999924,5.659999847,High income
Switzerland,CHE,2.49000001,2.920000076,4.119999886,4.320000172,4.440000057,4.0,3.650000095,3.349999905,4.119999886,4.800000191,4.400000095,4.480000019,4.75,4.829999924,4.800000191,4.920000076,4.800000191,4.710000038,4.389999866,High income
Chile,CHL,10.39000034,10.17000008,9.770000458,10.15999985,9.340000153,9.020000458,8.430000305,9.289999962,11.31000042,8.420000076,7.340000153,6.659999847,6.210000038,6.659999847,6.510000229,6.739999771,6.960000038,7.230000019,7.289999962,High income
China,CHN,3.799999952,4.239999771,4.579999924,4.489999771,4.519999981,4.429999828,4.349999905,4.590000153,4.71999979,4.53000021,4.550000191,4.570000172,4.590000153,4.610000134,4.630000114,4.53000021,4.440000057,4.28000021,4.519999981,Upper middle income
Cote d'Ivoire,CIV,4.795000076,5.031000137,5.255000114,5.464000225,5.688000202,5.918000221,6.144999981,6.368000031,6.592999935,6.835000038,7.125,7.21999979,4.25,3.700999975,3.148999929,2.599999905,3.269999981,3.292999983,3.318000078,Lower middle income
Cameroon,CMR,7.460000038,6.698999882,5.929999828,5.143000126,4.400000095,3.730999947,3.059999943,3.411999941,3.76699996,4.110000134,3.964999914,3.822000027,3.674999952,3.529999971,3.551000118,3.575000048,3.599999905,3.617000103,3.638000011,Lower middle income
"Congo, Dem. Rep.",COD,2.888000011,2.871000051,2.859999895,2.852999926,2.849999905,3.082999945,3.312999964,3.546999931,3.792999983,4.013999939,4.251999855,4.489999771,4.475999832,4.464000225,4.46600008,4.477000237,4.465000153,4.451000214,4.451000214,Low income
"Congo, Rep.",COG,19.90800095,19.88400078,19.89500046,19.85400009,19.79999924,19.8560009,20.03100014,19.98399925,19.99699974,20.06599998,20.18400002,20.1760006,20.31699944,20.30999947,20.4470005,20.55900002,20.55900002,20.61400032,20.62199974,Lower middle income
Colombia,COL,15.03999996,14.47999954,13.22000027,12.73999977,11.06000042,11.28999996,10.25,10.48999977,11.28999996,10.97999954,10.10999966,9.739999771,9.050000191,8.569999695,8.300000191,8.68999958,8.869999886,9.109999657,9.960000038,Upper middle income
Comoros,COM,4.68900013,4.649000168,4.610000134,4.570000172,4.919000149,5.275000095,5.643000126,5.977000237,6.337999821,6.690000057,7.045000076,7.410999775,7.757999897,8.140000343,8.13599968,8.102000237,8.086000443,8.079000473,8.081999779,Lower middle income
Cabo Verde,CPV,11.00800037,10.96000004,10.93099976,10.86699963,10.84599972,10.80300045,10.72999954,10.72999954,10.72500038,10.67000008,10.88300037,11.12100029,11.34799957,11.57499981,11.80000019,12.00800037,12.23999977,12.17000008,12.21899986,Lower middle income
Costa Rica,CRI,5.920000076,6.329999924,6.559999943,6.389999866,6.570000172,5.739999771,4.489999771,4.78000021,7.710000038,7.170000076,10.14000034,9.779999733,8.770000458,9.06000042,9.0,8.600000381,8.140000343,9.630000114,11.48999977,Upper middle income
Cuba,CUB,4.079999924,3.309999943,2.329999924,1.850000024,1.950000048,1.909999967,1.789999962,1.580000043,1.669999957,2.5,3.180000067,3.460000038,3.289999962,2.700000048,2.400000095,2.0,1.700000048,1.700000048,1.735000014,Upper middle income
Cyprus,CYP,3.980000019,3.299999952,4.139999866,4.329999924,5.300000191,4.539999962,3.920000076,3.650000095,5.360000134,6.260000229,7.860000134,11.80000019,15.86999989,16.09000015,14.90999985,12.94999981,11.05000019,8.369999886,7.070000172,High income
Czechia,CZE,7.989999771,7.019999981,7.539999962,8.210000038,7.929999828,7.150000095,5.320000172,4.389999866,6.659999847,7.28000021,6.710000038,6.980000019,6.949999809,6.110000134,5.050000191,3.950000048,2.890000105,2.24000001,2.00999999,High income
Germany,DEU,7.769999981,8.479999542,9.779999733,10.72999954,11.17000008,10.25,8.659999847,7.519999981,7.739999771,6.96999979,5.820000172,5.380000114,5.230000019,4.980000019,4.619999886,4.119999886,3.75,3.380000114,3.140000105,High income
Djibouti,DJI,28.21699905,28.08300018,27.9640007,27.84700012,27.71999931,27.5739994,27.44400024,27.30500031,27.22100067,27.05800056,26.88800049,26.77799988,26.63800049,26.47500038,26.32500076,26.19300079,26.05999947,26.18899918,26.35700035,Lower middle income
Denmark,DNK,4.159999847,4.269999981,5.400000095,5.199999809,4.829999924,3.900000095,3.799999952,3.680000067,6.409999847,7.75,7.769999981,7.800000191,7.380000114,6.929999828,6.28000021,5.989999771,5.829999924,5.130000114,5.019999981,High income
Dominican Republic,DOM,7.260000229,6.78000021,6.940000057,6.300000191,6.590000153,5.650000095,5.159999847,4.760000229,5.46999979,5.210000038,6.090000153,6.71999979,7.349999905,6.71999979,7.610000134,7.28000021,5.829999924,5.860000134,6.360000134,Upper middle income
Algeria,DZA,27.29999924,25.89999962,23.71999931,17.64999962,15.27000046,12.27000046,13.78999996,11.32999992,10.15999985,9.960000038,9.960000038,10.97000027,9.819999695,10.21000004,11.21000004,10.19999981,10.33300018,10.42000008,10.51299953,Lower middle income
Ecuador,ECU,4.25,4.897999763,5.659999847,5.0,3.779999971,3.549999952,3.140000105,3.920000076,4.610000134,4.090000153,3.460000038,3.230000019,3.079999924,3.480000019,3.619999886,4.599999905,3.839999914,3.529999971,3.809999943,Upper middle income
"Egypt, Arab Rep.",EGY,9.260000229,10.01000023,11.01000023,10.31999969,11.19999981,10.48999977,8.800000191,8.520000458,9.090000153,8.760000229,11.85000038,12.60000038,13.14999962,13.10000038,13.05000019,12.40999985,11.73999977,9.819999695,7.840000153,Lower middle income
Eritrea,ERI,5.765999794,5.703000069,5.578999996,5.374000072,5.263999939,5.260000229,5.249000072,5.171999931,5.244999886,5.494999886,5.520999908,5.53000021,5.579999924,5.672999859,5.828000069,5.90199995,5.94299984,5.947000027,5.993999958,Low income
Spain,ESP,10.35000038,11.14999962,11.27999973,11.09000015,9.149999619,8.449999809,8.229999542,11.25,17.86000061,19.86000061,21.38999939,24.79000092,26.09000015,24.44000053,22.05999947,19.62999916,17.21999931,15.25,14.10000038,High income
Estonia,EST,13.13000011,10.02999973,11.28999996,10.25,8.029999733,5.909999847,4.590000153,5.449999809,13.55000019,16.70999908,12.32999992,10.02000046,8.630000114,7.349999905,6.190000057,6.760000229,5.760000229,5.369999886,4.449999809,High income
Ethiopia,ETH,3.303999901,3.130000114,2.941999912,2.693000078,2.5,2.470000029,2.434999943,2.405999899,2.380000114,2.338999987,2.312000036,2.286999941,2.25,2.262000084,2.273999929,2.288000107,2.299000025,2.318000078,2.325999975,Low income
Finland,FIN,10.28999996,10.42000008,10.47000027,10.35999966,8.380000114,7.71999979,6.849999905,6.369999886,8.25,8.390000343,7.78000021,7.690000057,8.18999958,8.659999847,9.380000114,8.819999695,8.640000343,7.360000134,6.690000057,High income
Fiji,FJI,3.907000065,3.872999907,3.905999899,3.811000109,3.890000105,3.959000111,4.107999802,4.162000179,4.309999943,4.309999943,4.409999847,4.420000076,4.327000141,4.289999962,4.295000076,4.320000172,4.277999878,4.333000183,4.447999954,Upper middle income
France,FRA,8.609999657,8.699999809,8.31000042,8.909999847,8.489999771,8.449999809,7.659999847,7.059999943,8.739999771,8.869999886,8.81000042,9.399999619,9.920000076,10.28999996,10.35000038,10.05000019,9.409999847,9.020000458,8.409999847,High income
Gabon,GAB,17.22599983,17.17399979,17.07099915,17.00900078,16.90999985,17.67099953,18.2840004,19.09399986,19.76399994,20.38999939,20.42900085,20.48800087,20.52099991,20.57299995,20.61300087,20.66900063,20.72100067,20.74900055,20.74200058,Upper middle income
United Kingdom,GBR,4.699999809,5.039999962,4.809999943,4.590000153,4.75,5.349999905,5.260000229,5.619999886,7.539999962,7.789999962,8.039999962,7.880000114,7.519999981,6.110000134,5.300000191,4.809999943,4.329999924,4.0,3.74000001,High income
Georgia,GEO,11.15999985,12.59000015,11.51000023,12.61999989,13.81000042,13.56999969,13.27999973,17.87000084,20.70999908,20.20000076,19.62999916,19.64999962,19.42000008,17.44000053,16.51000023,16.60000038,13.93999958,12.67000008,11.56999969,Upper middle income
Ghana,GHA,9.501000404,8.534999847,7.563000202,6.592999935,5.618999958,4.639999866,4.842999935,4.992000103,5.217000008,5.380000114,5.596000195,5.910999775,6.203000069,6.524000168,6.809999943,5.52699995,4.21999979,4.276000023,4.315999985,Lower middle income
Guinea,GIN,4.552999973,4.550000191,4.616000175,4.631999969,4.652999878,4.698999882,4.671000004,4.724999905,4.806000233,4.772999763,4.793000221,4.81799984,4.866000175,4.895999908,4.922999859,4.880000114,4.914000034,4.982999802,5.019999981,Low income
"Gambia, The",GMB,9.109999657,9.217000008,9.161000252,9.18599987,9.293000221,9.303999901,9.300999641,9.300000191,9.324000359,9.357999802,9.508999825,9.420000076,9.453000069,9.503000259,9.467000008,9.498000145,9.484999657,9.475999832,9.498000145,Low income
Guinea-Bissau,GNB,6.297999859,6.375999928,6.368000031,6.25,6.210999966,6.140999794,6.056000233,5.892000198,5.895999908,6.080999851,5.981999874,5.869999886,5.809000015,5.802999973,5.869999886,5.951000214,5.986000061,5.981999874,6.035999775,Low income
Equatorial Guinea,GNQ,8.567000389,8.713999748,8.772999763,8.713000298,8.75399971,8.708999634,8.647000313,8.49600029,8.548999786,8.81799984,8.727999687,8.612999916,8.512999535,8.482999802,8.543999672,8.62899971,8.647999763,8.623999596,8.678999901,Upper middle income
Greece,GRC,10.46000004,9.970000267,9.409999847,10.31000042,9.989999771,9.010000229,8.399999619,7.760000229,9.619999886,12.71000004,17.86000061,24.44000053,27.46999931,26.48999977,24.89999962,23.54000092,21.48999977,19.29000092,17.30999947,High income
Guatemala,GTM,2.78399992,2.750999928,2.809999943,2.970000029,3.051000118,3.061000109,3.108999968,3.309000015,3.512000084,3.5,3.085000038,2.75999999,3.019999981,2.720000029,2.50999999,2.579999924,2.460000038,2.279999971,2.190000057,Upper middle income
Guam,GUM,13.21000004,11.39000034,9.753000259,7.699999809,7.0,7.400000095,8.300000191,8.715999603,9.300000191,8.199999809,13.30000019,12.19999981,11.5,7.599999905,6.900000095,5.400000095,5.434999943,5.559000015,5.514999866,High income
Guyana,GUY,11.81499958,11.81000042,11.5539999,11.2670002,11.02299976,10.69999981,10.95699978,11.27099991,11.52600002,11.79800034,12.05700016,12.33500004,12.62800026,12.92399979,13.21199989,13.46399975,13.74600029,14.02000046,13.99199963,Upper middle income
"Hong Kong SAR, China",HKG,5.090000153,7.28000021,7.860000134,6.739999771,5.579999924,4.769999981,4.010000229,3.559999943,5.260000229,4.329999924,3.420000076,3.289999962,3.400000095,3.299999952,3.309999943,3.390000105,3.130000114,2.819999933,2.930000067,High income
Honduras,HND,4.0,4.019999981,5.300000191,5.989999771,4.909999847,3.569999933,3.210000038,3.160000086,3.289999962,4.119999886,4.46999979,3.75,5.650000095,7.079999924,6.150000095,6.730000019,5.53000021,5.650000095,5.699999809,Lower middle income
Croatia,HRV,15.81999969,15.05000019,13.92000008,13.65999985,12.60000038,11.13000011,9.909999847,8.529999733,9.199999809,11.61999989,13.68000031,15.93000031,17.25,17.29000092,16.18000031,13.10000038,11.21000004,8.430000305,6.619999886,High income
Haiti,HTI,9.633000374,10.82600021,11.99699974,13.32400036,14.41600037,15.69099998,16.79999924,16.33600044,15.65699959,15.37899971,14.52799988,14.10000038,13.99600029,13.95100021,13.96199989,13.92500019,13.87699986,13.85999966,13.91499996,Lower middle income
Hungary,HUN,5.670000076,5.610000134,5.789999962,5.829999924,7.190000057,7.489999771,7.409999847,7.820000172,10.02999973,11.17000008,11.02999973,11.0,10.18000031,7.730000019,6.809999943,5.110000134,4.159999847,3.710000038,3.420000076,High income
Indonesia,IDN,6.079999924,6.599999905,6.659999847,7.300000191,7.940000057,7.550000191,8.06000042,7.210000038,6.110000134,5.610000134,5.150000095,4.46999979,4.340000153,4.050000191,4.510000229,4.300000191,3.880000114,4.400000095,3.619999886,Lower middle income
India,IND,5.576000214,5.53000021,5.643000126,5.629000187,5.612999916,5.600999832,5.572000027,5.414000034,5.544000149,5.546000004,5.426000118,5.414000034,5.423999786,5.43599987,5.434999943,5.422999859,5.357999802,5.329999924,5.269999981,Lower middle income
Ireland,IRL,3.680000067,4.21999979,4.480000019,4.489999771,4.340000153,4.409999847,4.980000019,6.769999981,12.60999966,14.52999973,15.35000038,15.44999981,13.72999954,11.85999966,9.909999847,8.369999886,6.710000038,5.739999771,4.949999809,High income
"Iran, Islamic Rep.",IRN,12.28100014,12.80000019,11.51000023,10.30000019,11.81000042,11.52000046,10.77000046,10.63000011,12.10999966,13.68000031,12.48999977,12.27000046,10.60000038,10.68000031,11.17000008,12.61999989,12.22999954,12.18999958,10.73999977,Lower middle income
Iraq,IRQ,8.80700016,8.852000237,8.819000244,8.607999802,8.706000328,8.652000427,8.649999619,8.484000206,8.392999649,8.251000404,8.121999741,7.960000038,9.263999939,10.59000015,10.72500038,10.81999969,13.02000046,12.9659996,12.86299992,Upper middle income
Iceland,ISL,1.870000005,2.99000001,4.0,4.03000021,2.549999952,2.829999924,2.25,2.950000048,7.21999979,7.559999943,7.03000021,6.0,5.380000114,4.900000095,3.980000019,2.980000019,2.74000001,2.700000048,3.50999999,High income
Israel,ISR,11.81000042,12.89000034,13.51000023,13.02999973,11.34000015,10.71000004,9.380000114,7.699999809,9.529999733,8.479999542,7.139999866,6.860000134,6.210000038,5.889999866,5.25,4.800000191,4.21999979,4.0,3.799999952,High income
Italy,ITA,9.600000381,9.210000038,8.869999886,7.869999886,7.730000019,6.78000021,6.079999924,6.71999979,7.75,8.359999657,8.359999657,10.64999962,12.14999962,12.68000031,11.89999962,11.68999958,11.21000004,10.60999966,9.949999809,High income
Jamaica,JAM,14.93000031,14.18999958,11.72999954,12.21000004,11.26000023,10.31999969,9.75,10.59000015,11.35999966,12.36999989,12.69999981,13.93000031,15.25,13.73999977,13.51000023,13.18999958,11.63000011,9.100000381,7.690000057,Upper middle income
Jordan,JOR,14.69999981,15.30000019,14.5,14.57999992,14.80000019,14.0,13.10000038,12.69999981,12.89999962,12.5,12.89999962,12.19999981,12.60000038,11.89999962,13.07999992,15.27999973,18.13999939,18.27000046,16.80999947,Upper middle income
Japan,JPN,5.019999981,5.389999866,5.25,4.730000019,4.449999809,4.190000057,3.890000105,4.0,5.070000172,5.099999905,4.550000191,4.360000134,4.0,3.599999905,3.400000095,3.099999905,2.799999952,2.400000095,2.400000095,High income
Kazakhstan,KAZ,10.43000031,9.329999924,8.779999733,8.399999619,8.130000114,7.789999962,7.260000229,6.630000114,6.550000191,5.769999981,5.389999866,5.289999962,5.199999809,5.059999943,4.929999828,4.960000038,4.900000095,4.849999905,4.800000191,Upper middle income
Kenya,KEN,2.989000082,2.996000051,2.969000101,2.941999912,2.924000025,2.907000065,2.891000032,2.915999889,2.884000063,2.838999987,2.836999893,2.83100009,2.808000088,2.795000076,2.77699995,2.75999999,3.513000011,4.249000072,5.010000229,Lower middle income
Kyrgyz Republic,KGZ,7.840000153,12.55000019,9.920000076,8.529999733,8.109999657,8.270000458,8.100000381,8.220000267,8.409999847,8.640000343,8.529999733,8.430000305,8.329999924,8.050000191,7.559999943,7.210000038,6.889999866,6.886000156,6.918000221,Lower middle income
Cambodia,KHM,1.032999992,1.097000003,1.113999963,1.129999995,1.131000042,1.208999991,1.25999999,0.819999993,0.579999983,0.769999981,0.579999983,0.50999999,0.439999998,0.689999998,0.389999986,0.720000029,0.140000001,0.143000007,0.147,Lower middle income
"Korea, Rep.",KOR,3.700000048,3.049999952,3.349999905,3.420000076,3.480000019,3.25,3.00999999,2.960000038,3.359999895,3.319999933,2.99000001,2.809999943,2.75,3.079999924,3.549999952,3.650000095,3.650000095,3.819999933,3.75,High income
Kuwait,KWT,0.800000012,1.100000024,1.299999952,1.700000048,1.495000005,1.299999952,1.5,1.75,1.639999986,1.820000052,2.038000107,2.319999933,2.622999907,2.900000095,2.200000048,2.160000086,2.197000027,2.164999962,2.167000055,High income
Lao PDR,LAO,1.93599999,1.797000051,1.656999946,1.511999965,1.350000024,1.190000057,1.095000029,0.967999995,0.851000011,0.709999979,0.726999998,0.736999989,0.745999992,0.763000011,0.777999997,0.791999996,0.805000007,0.827000022,0.851999998,Lower middle income
Lebanon,LBN,8.18599987,8.088000298,7.987999916,7.849999905,8.279999733,8.682999611,8.979999542,7.671999931,6.349999905,6.842999935,7.386000156,7.84800005,8.31400013,8.809000015,9.317000389,9.782999992,10.27400017,10.79599953,11.35000038,Lower middle income
Liberia,LBR,2.128000021,2.14199996,2.181999922,2.174000025,2.186000109,2.198999882,2.213000059,2.23300004,2.253000021,2.269999981,2.217999935,2.170000076,2.118999958,2.079999924,2.079999924,3.079999924,3.049000025,3.029999971,3.015000105,Low income
Libya,LBY,19.69599915,19.64900017,19.45700073,19.51300049,19.39299965,19.41300011,19.375,19.375,19.37299919,19.26799965,19.38699913,19.03000069,19.45400047,19.46299934,19.53100014,19.52799988,19.37100029,19.45499992,19.65500069,Upper middle income
St. Lucia,LCA,18.52499962,20.38999939,22.18000031,20.96999931,18.70000076,16.0,14.0,12.72000027,15.36999989,17.1079998,18.86000061,19.05999947,22.20999908,21.29599953,20.56200027,19.64900017,18.86000061,19.07999992,15.31999969,Upper middle income
Sri Lanka,LKA,7.900000095,8.760000229,8.220000267,8.380000114,7.670000076,6.5,5.96999979,5.21999979,5.849999905,4.78000021,4.119999886,3.880000114,4.239999771,4.190000057,4.519999981,4.239999771,4.050000191,4.320000172,4.349999905,Lower middle income
Lesotho,LSO,34.63499832,33.86000061,32.95500183,32.17599869,31.30999947,30.46199989,29.62299919,28.76000023,28.02499962,27.07900047,26.24399948,25.36899948,24.57999992,24.22100067,23.8409996,23.47500038,23.20000076,22.81299973,22.44000053,Lower middle income
Lithuania,LTU,16.84000015,13.01000023,12.86999989,10.68000031,8.319999695,5.78000021,4.25,5.829999924,13.78999996,17.80999947,15.39000034,13.35999966,11.77000046,10.69999981,9.119999886,7.860000134,7.070000172,6.150000095,6.260000229,High income
Luxembourg,LUX,1.809999943,2.619999886,3.680000067,5.110000134,4.489999771,4.730000019,4.070000172,5.059999943,5.119999886,4.360000134,4.900000095,5.139999866,5.849999905,5.849999905,6.670000076,6.289999962,5.519999981,5.590000153,5.590000153,High income
Latvia,LVA,13.81999969,13.82999992,12.06000042,11.71000004,10.02999973,7.03000021,6.050000191,7.739999771,17.51000023,19.47999954,16.20999908,15.05000019,11.86999989,10.85000038,9.869999886,9.640000343,8.720000267,7.409999847,6.309999943,High income
"Macao SAR, China",MAC,6.389999866,6.269999981,6.0,4.900000095,4.159999847,3.819999933,3.269999981,3.0,3.579999924,2.839999914,2.559999943,1.970000029,1.820000052,1.700000048,1.809999943,1.940000057,1.99000001,1.830000043,1.75,High income
Morocco,MAR,12.46000004,11.59000015,11.92000008,10.82999992,11.01000023,9.670000076,9.56000042,9.569999695,8.960000038,9.090000153,8.909999847,8.989999771,9.229999542,9.699999809,9.460000038,9.300000191,9.241999626,9.265000343,9.279999733,Lower middle income
Moldova,MDA,7.289999962,6.800000191,7.949999809,8.170000076,7.289999962,7.380000114,5.070000172,3.980000019,6.400000095,7.449999809,6.679999828,5.579999924,5.099999905,3.730000019,4.699999809,4.019999981,4.099999905,4.110000134,5.099999905,Upper middle income
Madagascar,MDG,5.349999905,5.354000092,5.010000229,3.832999945,2.619999886,2.938999891,3.260999918,3.582000017,3.974999905,4.28000021,2.444000006,0.600000024,0.995000005,1.389999986,1.789999962,1.804999948,1.822999954,1.843000054,1.856999993,Low income
Maldives,MDV,2.996999979,4.188000202,5.394000053,6.415999889,7.201000214,9.156000137,9.868000031,11.05599976,11.69999981,11.28800011,10.47200012,9.472000122,8.727000237,7.867000103,6.928999901,6.119999886,5.869999886,5.618999958,5.340000153,Upper middle income
Mexico,MEX,2.630000114,3.0,3.460000038,3.940000057,3.559999943,3.569999933,3.630000114,3.869999886,5.360000134,5.300000191,5.170000076,4.889999866,4.909999847,4.809999943,4.309999943,3.859999895,3.420000076,3.279999971,3.480000019,Upper middle income
North Macedonia,MKD,30.52000046,31.94000053,36.68999863,37.15999985,37.25,36.02999878,34.93000031,33.75999832,32.18000031,32.02000046,31.37999916,31.02000046,29.0,28.03000069,26.06999969,23.71999931,22.37999916,20.73999977,17.26000023,Upper middle income
Mali,MLI,6.302999973,7.164000034,7.897999763,8.75,9.68900013,10.69900036,11.71000004,10.49400043,9.286999702,8.069999695,6.900000095,6.650000095,6.349999905,6.380000114,7.730000019,7.570000172,7.409999847,7.427999973,7.441999912,Low income
Malta,MLT,7.110000134,6.900000095,7.489999771,7.320000172,6.920000076,6.800000191,6.46999979,5.980000019,6.889999866,6.849999905,6.380000114,6.199999809,6.110000134,5.71999979,5.380000114,4.690000057,4.0,3.660000086,3.619999886,High income
Myanmar,MMR,0.674000025,0.671999991,0.660000026,0.666000009,0.66900003,0.676999986,0.689999998,0.708999991,0.711000025,0.72299999,0.76700002,0.753000021,0.746999979,0.754999995,0.769999981,1.177000046,1.559999943,0.870000005,0.5,Lower middle income
Montenegro,MNE,28.74099922,29.13400078,29.5189991,30.01000023,30.30999947,25.10300064,19.39999962,17.14999962,19.09000015,19.64999962,19.67000008,19.96999931,19.5,18.0,17.54000092,17.71999931,16.06999969,15.17000008,15.11999989,Upper middle income
Mongolia,MNG,6.212999821,6.199999809,6.800000191,6.822999954,7.039000034,7.125,7.199999809,5.559999943,5.860000134,6.550000191,4.769999981,3.900000095,4.230000019,4.800000191,4.860000134,7.239999771,6.360000134,5.380000114,5.43900013,Lower middle income
Mozambique,MOZ,2.842999935,2.89199996,2.940000057,2.971999884,3.015000105,3.039000034,3.085000038,3.128999949,3.174999952,3.217000008,3.255000114,3.298000097,3.342000008,3.382999897,3.430000067,3.447000027,3.450999975,3.45600009,3.46600008,Low income
Mauritania,MRT,9.828000069,9.819999695,9.788999557,9.81099987,9.791999817,9.732000351,9.876999855,9.87100029,9.873999596,9.862000465,9.857000351,9.859999657,9.956999779,10.05099964,10.13799953,10.26099968,10.34000015,10.38500023,10.39299965,Lower middle income
Mauritius,MUS,9.140000343,8.199999809,8.248999596,8.340000153,9.520000458,9.039999962,8.479999542,7.170000076,7.260000229,7.650000095,7.449999809,7.46999979,7.320000172,7.46999979,7.409999847,6.809999943,6.75,6.429999828,6.329999924,Upper middle income
Malawi,MWI,5.835000038,5.813000202,5.803999901,5.818999767,5.842999935,5.848999977,5.836999893,5.861000061,5.872000217,5.894000053,5.920000076,5.952000141,5.949999809,5.897999763,5.863999844,5.816999912,5.760000229,5.757999897,5.751999855,Low income
Malaysia,MYS,3.529999971,3.480000019,3.609999895,3.539999962,3.529999971,3.309999943,3.230000019,3.319999933,3.660000086,3.390000105,3.049999952,3.099999905,3.160000086,2.880000114,3.099999905,3.440000057,3.410000086,3.299999952,3.25999999,Upper middle income
Namibia,NAM,20.79599953,21.22699928,21.71800041,22.09000015,22.21699905,22.1439991,22.15800095,22.18600082,22.20899963,22.12000084,19.45599937,16.77000046,19.03000069,18.52000046,20.9109993,23.35000038,21.63899994,19.87999916,19.98800087,Upper middle income
New Caledonia,NCL,17.22800064,16.93099976,16.50200081,16.30999947,15.84599972,15.21800041,14.83100033,14.57600021,13.97000027,13.80799961,14.07499981,14.35499954,14.4659996,14.59000015,14.72900009,14.69499969,14.78499985,14.84700012,14.90999985,High income
Niger,NER,1.470000029,1.889999986,2.319000006,2.747999907,3.099999905,2.648999929,2.203000069,1.710000038,1.26699996,0.778999984,0.319999993,2.180000067,1.368999958,0.519999981,0.529999971,0.533999979,0.541999996,0.545000017,0.55400002,Low income
Nigeria,NGA,3.934999943,3.881999969,3.898999929,3.875999928,3.871000051,3.855999947,3.836999893,3.819000006,3.796000004,3.778000116,3.769999981,3.742000103,3.700000048,4.559999943,4.309999943,7.059999943,8.390000343,8.456000328,8.529999733,Lower middle income
Nicaragua,NIC,7.449999809,7.578000069,7.599999905,6.409999847,5.369999886,5.309999943,4.889999866,6.199999809,8.159999847,7.829999924,6.495999813,5.210000038,5.28000021,4.519999981,4.699999809,3.900000095,3.299999952,5.199999809,5.210999966,Lower middle income
Netherlands,NLD,2.119999886,2.549999952,3.589999914,4.650000095,5.869999886,5.0,4.150000095,3.650000095,4.349999905,4.989999771,4.980000019,5.820000172,7.239999771,7.420000076,6.869999886,6.010000229,4.840000153,3.829999924,3.380000114,High income
Norway,NOR,3.74000001,4.019999981,4.21999979,4.260000229,4.380000114,3.400000095,2.49000001,2.549999952,3.099999905,3.519999981,3.210000038,3.119999886,3.420000076,3.480000019,4.300000191,4.679999828,4.159999847,3.799999952,3.690000057,High income
Nepal,NPL,1.746000051,1.54400003,1.595000029,1.55400002,1.457999945,1.393000007,1.33099997,1.330000043,1.550999999,1.820000052,2.029999971,2.329999924,2.551000118,2.944000006,3.099999905,2.868000031,3.318000078,3.193000078,3.096999884,Lower middle income
New Zealand,NZL,5.429999828,5.28000021,4.75,4.010000229,3.809999943,3.859999895,3.660000086,4.170000076,6.119999886,6.559999943,6.489999771,6.929999828,5.840000153,5.429999828,5.409999847,5.150000095,4.739999771,4.329999924,4.110000134,High income
Oman,OMN,4.125,4.204999924,4.230999947,4.184000015,4.181000233,4.153999805,4.178999901,4.139999866,4.051000118,3.990999937,3.86500001,3.678999901,3.61500001,3.542999983,3.39199996,3.269999981,2.565000057,1.799999952,1.84800005,High income
Pakistan,PAK,0.564999998,0.547999978,0.589999974,0.612999976,0.592999995,0.579999983,0.400000006,0.419999987,0.540000021,0.649999976,0.800000012,1.847000003,2.950000048,1.830000043,3.569999933,3.779000044,3.915999889,4.079999924,3.542000055,Lower middle income
Panama,PAN,3.816999912,3.785000086,3.790999889,3.739000082,3.753000021,3.700000048,3.684999943,3.743000031,3.851999998,3.720000029,2.378999949,2.388999939,2.285000086,2.707000017,2.976999998,3.263000011,3.858999968,3.832999945,4.725999832,High income
Peru,PER,5.026000023,4.840000153,4.150000095,4.699999809,4.880000114,4.179999828,4.039999962,4.039999962,3.980000019,3.579999924,3.480000019,3.24000001,3.569999933,3.210000038,3.269999981,3.74000001,3.690000057,3.49000001,3.380000114,Upper middle income
Philippines,PHL,3.700000048,3.625999928,3.529999971,3.549999952,3.799999952,4.050000191,3.430000067,3.720000029,3.859999895,3.609999895,3.589999914,3.5,3.5,3.599999905,3.069999933,2.700000048,2.549999952,2.339999914,2.24000001,Lower middle income
Papua New Guinea,PNG,2.803999901,2.733999968,2.621000051,2.540999889,2.40899992,2.355000019,2.244999886,2.311000109,2.121999979,2.0,2.619999886,2.54399991,2.546000004,2.375,2.476000071,2.483999968,2.506999969,2.563999891,2.448999882,Lower middle income
Poland,POL,18.37000084,19.88999939,19.37000084,19.06999969,17.75,13.84000015,9.600000381,7.119999886,8.170000076,9.640000343,9.630000114,10.09000015,10.32999992,8.989999771,7.5,6.159999847,4.889999866,3.849999905,3.279999971,High income
Puerto Rico,PRI,11.39999962,11.93999958,11.77999973,10.31000042,11.35000038,11.01000023,10.93000031,11.47999954,15.0,16.10000038,15.69999981,14.5,14.30000019,13.89999962,12.0,11.80000019,10.80000019,9.199999809,8.300000191,High income
"Korea, Dem. People's Rep.",PRK,2.944000006,2.90199995,2.910000086,2.864000082,2.838999987,2.808000088,2.815999985,2.773000002,2.782000065,2.707999945,2.782000065,2.805999994,2.803999901,2.743999958,2.743999958,2.755000114,2.697999954,2.625999928,2.59100008,Low income
Portugal,PRT,3.829999924,4.5,6.130000114,6.320000172,7.579999924,7.650000095,7.960000038,7.550000191,9.430000305,10.77000046,12.68000031,15.52999973,16.18000031,13.89000034,12.43999958,11.06999969,8.869999886,6.989999771,6.460000038,High income
Paraguay,PRY,6.210000038,9.390000343,6.809999943,6.510000229,4.820000172,5.28000021,4.710000038,4.420000076,5.460000038,4.570000172,4.670000076,4.090000153,4.380000114,5.03000021,4.559999943,5.25,4.610000134,6.21999979,6.590000153,Upper middle income
West Bank and Gaza,PSE,21.48999977,27.45999908,23.0,23.20999908,20.02000046,19.01000023,18.28000069,22.90999985,20.45000076,21.42000008,17.60000038,19.20000076,19.88999939,20.53000069,23.0,23.94000053,25.68000031,26.26000023,25.34000015,Lower middle income
French Polynesia,PYF,11.79899979,11.71000004,11.62100029,11.70300007,11.75599957,11.79100037,11.73999977,11.91100025,12.25599957,12.19799995,12.29199982,12.21399975,12.17199993,12.20400047,12.16699982,12.17700005,12.2130003,12.24800014,12.29599953,High income
Qatar,QAT,0.846000016,0.851000011,0.856000006,0.860000014,0.86500001,0.870000005,0.519999981,0.310000002,0.310000002,0.449999988,0.560000002,0.479999989,0.280000001,0.200000003,0.170000002,0.150000006,0.140000001,0.109999999,0.100000001,High income
Romania,ROU,6.559999943,8.109999657,6.949999809,7.71999979,7.170000076,7.269999981,6.409999847,5.789999962,6.860000134,6.960000038,7.179999828,6.789999962,7.099999905,6.800000191,6.809999943,5.900000095,4.929999828,4.190000057,3.910000086,High income
Russian Federation,RUS,8.979999542,7.880000114,8.210000038,7.760000229,7.119999886,7.059999943,6.0,6.210000038,8.300000191,7.369999886,6.539999962,5.440000057,5.460000038,5.159999847,5.570000172,5.559999943,5.210000038,4.849999905,4.5,Upper middle income
Rwanda,RWA,0.842999995,0.889999986,0.939999998,0.948000014,0.963999987,0.986000001,1.011999965,1.024000049,1.059999943,1.077999949,1.098999977,1.118000031,1.15199995,1.169999957,1.148000002,1.144000053,1.136999965,1.110999942,1.09800005,Low income
Saudi Arabia,SAU,4.619999886,5.269999981,5.559999943,5.820000172,6.050000191,6.25,5.730000019,5.079999924,5.380000114,5.550000191,5.769999981,5.519999981,5.570000172,5.71999979,5.590000153,5.650000095,5.889999866,6.039999962,5.672999859,High income
Sudan,SDN,15.18000031,15.13099957,15.06700039,15.0539999,14.9659996,14.88799953,14.81900024,14.80000019,13.0,15.19799995,17.44000053,17.45499992,17.40999985,17.43099976,17.48999977,17.52000046,17.53300095,17.57999992,17.65399933,Low income
Senegal,SEN,5.606999874,5.650000095,6.688000202,7.793000221,8.895999908,10.02999973,10.08399963,10.13300037,10.21100044,10.26399994,10.35999966,9.437999725,8.578000069,7.645999908,6.760000229,4.460000038,3.690000057,3.275000095,2.859999895,Lower middle income
Singapore,SGP,3.75999999,5.650000095,5.929999828,5.840000153,5.590000153,4.480000019,3.900000095,3.960000038,5.860000134,4.119999886,3.890000105,3.720000029,3.859999895,3.74000001,3.789999962,4.079999924,4.199999809,3.642999887,3.099999905,High income
Solomon Islands,SLB,1.906999946,1.825000048,1.664000034,1.700999975,1.764999986,1.822000027,1.876999974,1.893000007,2.019999981,1.577999949,1.297000051,1.054999948,0.689999998,0.73299998,0.734000027,0.698000014,0.707000017,0.723999977,0.754999995,Lower middle income
Sierra Leone,SLE,3.457000017,3.388000011,3.417999983,3.420000076,3.546999931,3.671999931,3.788000107,3.91899991,4.048999786,4.170000076,4.294000149,4.397999763,4.510000229,4.679999828,4.742000103,4.663000107,4.663000107,4.659999847,4.649000168,Low income
El Salvador,SLV,6.960000038,5.730000019,6.260000229,6.050000191,7.21999979,6.570000172,6.409999847,5.880000114,7.329999924,4.889999866,4.300000191,3.839999914,3.690000057,4.150000095,4.0,4.420000076,4.389999866,4.010000229,4.170000076,Lower middle income
Somalia,SOM,19.03800011,19.0189991,19.01600075,19.0170002,19.01300049,19.01399994,18.89699936,18.91699982,18.93700027,18.95800018,18.97900009,18.97400093,18.95199966,18.93000031,18.90299988,18.88899994,18.88199997,18.85000038,18.82799911,Low income
Serbia,SRB,12.80000019,13.80000019,15.19999981,18.5,20.85000038,20.85000038,18.05999947,13.69999981,16.13999939,19.21999931,22.96999931,24.0,22.14999962,19.21999931,17.65999985,15.26000023,13.47999954,12.72999954,10.39000034,Upper middle income
Sao Tome and Principe,STP,15.72999954,17.62999916,16.36000061,16.12000084,16.46999931,16.64999962,16.23399925,15.63099957,15.19900036,14.60499954,14.1079998,13.59000015,13.64900017,13.70499992,13.8210001,13.89400005,13.97399998,14.06099987,14.14400005,Lower middle income
Suriname,SUR,11.9119997,11.15299988,10.30700016,9.489999771,9.383000374,9.192000389,9.031999588,8.875,8.720000267,7.150000095,7.539999962,8.100000381,6.599999905,6.940000057,7.21999979,7.920000076,7.903999805,7.926000118,8.039999962,Upper middle income
Slovak Republic,SVK,19.37999916,18.71999931,17.12000084,18.60000038,16.26000023,13.36999989,11.14000034,9.510000229,12.02999973,14.38000011,13.61999989,13.96000004,14.22000027,13.18000031,11.47999954,9.670000076,8.130000114,6.539999962,5.75,High income
Slovenia,SVN,5.679999828,5.920000076,6.480000019,6.010000229,6.510000229,5.949999809,4.820000172,4.369999886,5.860000134,7.239999771,8.170000076,8.840000153,10.10000038,9.670000076,8.960000038,8.0,6.559999943,5.110000134,4.449999809,High income
Sweden,SWE,4.730000019,4.96999979,5.550000191,6.690000057,7.489999771,7.070000172,6.159999847,6.230000019,8.350000381,8.609999657,7.800000191,7.980000019,8.050000191,7.949999809,7.429999828,6.989999771,6.71999979,6.360000134,6.829999924,High income
Eswatini,SWZ,24.82900047,25.36100006,25.94400024,26.52300072,27.06500053,27.63999939,28.23999977,27.67900085,27.05200005,26.40600014,25.81100082,25.14900017,24.54999924,23.9659996,23.32900047,22.71999931,22.75300026,22.79199982,22.83699989,Lower middle income
Syrian Arab Republic,SYR,11.63000011,10.92800045,10.27999973,9.536000252,8.852999687,8.170000076,8.420000076,10.93999958,8.140000343,8.609999657,8.69699955,8.807999611,8.826000214,8.720999718,8.711999893,8.725000381,8.751999855,8.755000114,8.772999763,Low income
Chad,TCD,0.810000002,0.83099997,0.841000021,0.836000025,0.871999979,0.910000026,0.925000012,0.941999972,0.958999991,0.963999987,1.0,1.006000042,1.029000044,1.046000004,1.07099998,1.103999972,1.118999958,1.129999995,1.123000026,Low income
Togo,TGO,4.019000053,4.046999931,4.076000214,4.15500021,4.217999935,4.230000019,3.802999973,3.335000038,2.882999897,2.431999922,1.980000019,2.03399992,2.088999987,2.144999981,2.200000048,2.96600008,3.74000001,3.729000092,3.719000101,Low income
Thailand,THA,2.599999905,1.820000052,1.539999962,1.50999999,1.350000024,1.220000029,1.179999948,1.179999948,0.949000001,0.620000005,0.660000026,0.579999983,0.25,0.579999983,0.600000024,0.689999998,0.829999983,0.769999981,0.720000029,Upper middle income
Tajikistan,TJK,14.77299976,14.4119997,14.02299976,13.60999966,13.12800026,12.74300003,12.36900043,11.97900009,11.5,10.89000034,10.24100018,9.576000214,8.907999992,8.229999542,7.553999901,6.900000095,6.953999996,7.012000084,7.06099987,Lower middle income
Turkmenistan,TKM,10.67500019,9.748000145,8.987999916,8.18999958,7.499000072,6.611000061,5.760000229,4.951000214,4.0,4.0,4.089000225,4.085999966,4.110000134,4.144999981,4.138999939,4.169000149,4.203999996,4.234000206,4.268000126,Upper middle income
Timor-Leste,TLS,3.371999979,3.572999954,3.516000032,3.476999998,3.437999964,3.489000082,3.342000008,3.315999985,3.312000036,3.299999952,3.546999931,3.75999999,4.017000198,4.210000038,4.446000099,4.659999847,4.760000229,4.730999947,4.505000114,Lower middle income
Tonga,TON,4.336999893,4.664000034,5.179999828,4.008999825,2.494999886,1.090000033,1.25,1.351999998,1.674000025,1.736999989,1.789000034,2.065999985,2.242000103,2.36500001,2.549999952,2.569000006,2.815000057,3.069999933,3.062000036,Upper middle income
Trinidad and Tobago,TTO,10.88000011,10.39000034,10.47999954,8.329999924,7.949999809,6.269999981,5.539999962,4.630000114,5.28000021,4.03000021,3.430000067,3.720000029,2.680000067,2.480000019,2.430000067,3.210000038,3.275000095,3.336999893,3.421999931,High income
Tunisia,TUN,14.39999962,14.55000019,14.51000023,14.22999954,12.86999989,12.51000023,12.35999966,12.43999958,13.28999996,13.05000019,18.32999992,17.62999916,15.93000031,15.05700016,15.15999985,15.56000042,15.32999992,15.46000004,15.13000011,Lower middle income
Turkiye,TUR,8.380000114,10.35999966,10.53999996,10.84000015,10.64000034,8.720000267,8.869999886,9.710000038,12.55000019,10.65999985,8.800000191,8.149999619,8.729999542,9.880000114,10.23999977,10.84000015,10.81999969,10.89000034,13.67000008,Upper middle income
Tanzania,TZA,2.99000001,3.039999962,3.105999947,3.161999941,3.226000071,3.299999952,3.029999971,2.769000053,2.5,2.986000061,3.470000029,3.227999926,2.930000067,2.119999886,2.142999887,2.157999992,2.177000046,2.20600009,2.221999884,Lower middle income
Uganda,UGA,3.273999929,3.5,3.599999905,2.749000072,1.899999976,2.286999941,2.726999998,3.148999929,3.599999905,3.585999966,3.513000011,3.549999952,1.909999967,1.906000018,1.911000013,1.919999957,1.932000041,1.922999978,1.924999952,Low income
Ukraine,UKR,11.06000042,10.14000034,9.06000042,8.590000153,7.179999828,6.809999943,6.349999905,6.360000134,8.840000153,8.100000381,7.849999905,7.53000021,7.170000076,9.270000458,9.140000343,9.350000381,9.5,8.800000191,8.18999958,Lower middle income
Uruguay,URY,15.05000019,16.64999962,16.65999985,12.97999954,12.01000023,10.84000015,9.399999619,8.029999733,7.739999771,7.159999847,6.309999943,6.449999809,6.440000057,6.550000191,7.489999771,7.840000153,7.889999866,8.340000153,8.880000114,High income
United States,USA,4.730000019,5.78000021,5.989999771,5.53000021,5.079999924,4.619999886,4.619999886,5.78000021,9.25,9.630000114,8.949999809,8.069999695,7.369999886,6.170000076,5.28000021,4.869999886,4.360000134,3.900000095,3.670000076,High income
Uzbekistan,UZB,11.20499992,10.14500046,9.107000351,8.194000244,7.092999935,6.02699995,4.989999771,4.889999866,5.0,5.400000095,5.0,4.900000095,4.900000095,5.099999905,5.199999809,5.199999809,5.800000191,5.835000038,5.849999905,Lower middle income
St. Vincent and the Grenadines,VCT,21.10000038,20.59199905,20.21299934,20.0189991,19.75099945,19.2329998,19.05900002,18.79000092,18.96299934,19.04999924,18.98800087,18.96500015,18.98999977,19.0529995,19.09000015,19.11000061,19.18199921,19.18000031,19.28000069,Upper middle income
"Venezuela, RB",VEN,13.03999996,16.17000008,16.78000069,15.06999969,10.65999985,8.609999657,7.28000021,6.25,6.099999905,7.110000134,6.900000095,6.599999905,7.539999962,6.863999844,6.079999924,5.320000172,5.050000191,5.021999836,5.096000195,
Virgin Islands (U.S.),VIR,11.08300018,11.19499969,11.36400032,11.04800034,10.96399975,10.41100025,10.19099998,10.30799961,11.58399963,11.73400021,12.07999992,12.23099995,12.75500011,12.79100037,12.61699963,12.67700005,12.32499981,12.42599964,12.46800041,High income
Vietnam,VNM,2.75999999,2.119999886,2.25,2.140000105,2.095000029,2.086999893,2.029999971,1.927000046,1.74000001,1.110000014,1.0,1.029999971,1.320000052,1.25999999,1.850000024,1.850000024,1.870000005,1.159999967,2.039999962,Lower middle income
Vanuatu,VUT,1.875,1.921000004,1.738000035,1.751000047,1.733999968,1.684000015,1.794999957,1.751000047,1.807999969,1.850000024,1.81099999,1.851999998,1.861999989,1.807999969,1.861999989,1.776000023,1.745000005,1.809000015,1.800999999,Lower middle income
Samoa,WSM,4.960000038,5.096000195,5.156000137,5.217000008,5.294000149,5.421999931,5.360000134,5.580999851,5.828000069,5.728000164,5.679999828,8.75,8.666999817,8.720000267,8.501000404,8.30700016,8.578000069,8.68599987,8.406000137,Lower middle income
"Yemen, Rep.",YEM,11.71399975,11.84000015,11.97099972,12.09700012,12.20600033,12.36600018,12.49400043,12.62100029,12.7489996,12.83100033,13.23499966,13.16699982,13.26799965,13.47000027,13.77000046,13.43299961,13.29699993,13.14500046,13.05599976,Low income
South Africa,ZAF,30.69000053,33.29000092,32.31000137,29.45000076,29.12000084,28.34000015,26.54000092,22.40999985,23.52000046,24.68000031,24.63999939,24.72999954,24.55999947,24.88999939,25.14999962,26.54000092,27.04000092,26.90999985,28.46999931,Upper middle income
Zambia,ZMB,13.50899982,14.11800003,14.69499969,15.29800034,15.89999962,13.24499989,10.58699989,7.929999828,10.55799961,13.18999958,10.55099964,7.849999905,8.611000061,9.362000465,10.125,10.87199974,11.63000011,12.01000023,12.52000046,Low income
Zimbabwe,ZWE,5.355000019,5.061999798,4.75,4.389999866,4.538000107,4.681000233,4.828999996,5.013999939,5.083000183,5.209000111,5.369999886,5.152999878,4.981999874,4.769999981,4.777999878,4.788000107,4.784999847,4.796000004,4.833000183,Lower middle income
