country_name,country_code,p_2001,p_2002,p_2003,p_2004,p_2005,p_2006,p_2007,p_2008,p_2009,p_2010,p_2011,p_2012,p_2013,p_2014,p_2015,p_2016,p_2017,p_2018,p_2019,income_group
Aruba,ABW,92892.0,94992.0,97016.0,98744.0,100028.0,100830.0,101226.0,101362.0,101452.0,101665.0,102050.0,102565.0,103165.0,103776.0,104339.0,104865.0,105361.0,105846.0,106310.0,High income
Afghanistan,AFG,21606992.0,22600774.0,23680871.0,24726689.0,25654274.0,26433058.0,27100542.0,27722281.0,28394806.0,29185511.0,30117411.0,31161378.0,32269592.0,33370804.0,34413603.0,35383028.0,36296111.0,37171922.0,38041757.0,Low income
Angola,AGO,16945753.0,17519418.0,18121477.0,18758138.0,19433604.0,20149905.0,20905360.0,21695636.0,22514275.0,23356247.0,24220660.0,25107925.0,26015786.0,26941773.0,27884380.0,28842482.0,29816769.0,30809787.0,31825299.0,Low income
Albania,ALB,3060173.0,3051010.0,3039616.0,3026939.0,3011487.0,2992547.0,2970017.0,2947314.0,2927519.0,2913021.0,2905195.0,2900401.0,2895092.0,2889104.0,2880703.0,2876101.0,2873457.0,2866376.0,2854191.0,High income
Andorra,AND,67344.0,70048.0,73180.0,76250.0,78871.0,80995.0,82682.0,83860.0,84461.0,84454.0,83748.0,82427.0,80770.0,79213.0,77993.0,77295.0,76997.0,77008.0,77146.0,High income
United Arab Emirates,ARE,3302722.0,3478769.0,3711931.0,4068577.0,4588222.0,5300172.0,6168846.0,7089486.0,7917368.0,8549998.0,8946778.0,9141598.0,9197908.0,9214182.0,9262896.0,9360975.0,9487206.0,9630966.0,9770526.0,High income
Argentina,ARG,37275644.0,37681743.0,38087866.0,38491970.0,38892924.0,39289876.0,39684303.0,40080159.0,40482786.0,40788453.0,41261490.0,41733271.0,42202935.0,42669500.0,43131966.0,43590368.0,44044811.0,44494502.0,44938712.0,High income
Armenia,ARM,3050686.0,3033976.0,3017938.0,3000715.0,2981262.0,2958301.0,2932615.0,2907615.0,2888094.0,2877314.0,2876536.0,2884239.0,2897593.0,2912403.0,2925559.0,2936147.0,2944789.0,2951741.0,2957728.0,High income
American Samoa,ASM,58496.0,59077.0,59495.0,59684.0,59557.0,59109.0,58367.0,57490.0,56675.0,56084.0,55755.0,55669.0,55717.0,55791.0,55806.0,55739.0,55617.0,55461.0,55312.0,High income
Antigua and Barbuda,ATG,77212.0,78298.0,79311.0,80347.0,81462.0,82715.0,84029.0,85394.0,86743.0,88030.0,89250.0,90407.0,91510.0,92562.0,93571.0,94520.0,95425.0,96282.0,97115.0,High income
Australia,AUS,19413000.0,19651400.0,19895400.0,20127400.0,20394800.0,20697900.0,20827600.0,21249200.0,21691700.0,22031750.0,22340024.0,22733465.0,23128129.0,23475686.0,23815995.0,24190907.0,24601860.0,24982688.0,25365745.0,High income
Austria,AUT,8042293.0,8081957.0,8121423.0,8171966.0,8227829.0,8268641.0,8295487.0,8321496.0,8343323.0,8363404.0,8391643.0,8429991.0,8479823.0,8546356.0,8642699.0,8736668.0,8797566.0,8840521.0,8879920.0,High income
Azerbaijan,AZE,8111200.0,8171950.0,8234100.0,8306500.0,8391850.0,8484550.0,8581300.0,8763400.0,8947243.0,9054332.0,9173082.0,9295784.0,9416801.0,9535079.0,9649341.0,9757812.0,9854033.0,9939771.0,10024283.0,High income
Burundi,BDI,6525546.0,6704118.0,6909161.0,7131688.0,7364857.0,7607850.0,7862226.0,8126104.0,8397661.0,8675606.0,8958406.0,9245992.0,9540302.0,9844301.0,10160034.0,10488002.0,10827010.0,11175379.0,11530577.0,Low income
Belgium,BEL,10286570.0,10332785.0,10376133.0,10421137.0,10478617.0,10547958.0,10625700.0,10709973.0,10796493.0,10895586.0,11038264.0,11106932.0,11159407.0,11209057.0,11274196.0,11331422.0,11375158.0,11427054.0,11488980.0,High income
Benin,BEN,7076728.0,7295400.0,7520556.0,7750003.0,7982223.0,8216893.0,8454790.0,8696915.0,8944713.0,9199254.0,9460829.0,9729254.0,10004594.0,10286839.0,10575962.0,10872072.0,11175192.0,11485035.0,11801151.0,Low income
Burkina Faso,BFA,11944589.0,12293097.0,12654624.0,13030576.0,13421935.0,13829173.0,14252029.0,14689725.0,15141098.0,15605211.0,16081915.0,16571252.0,17072791.0,17586029.0,18110616.0,18646350.0,19193236.0,19751466.0,20321383.0,Low income
Bangladesh,BGD,130088709.0,132478077.0,134791598.0,136986429.0,139035505.0,140921154.0,142660381.0,144304164.0,145924795.0,147575433.0,149273134.0,151005733.0,152761413.0,154517385.0,156256287.0,157977151.0,159685421.0,161376713.0,163046173.0,Low income
Bulgaria,BGR,8009142.0,7837161.0,7775327.0,7716860.0,7658972.0,7601022.0,7545338.0,7492561.0,7444443.0,7395599.0,7348328.0,7305888.0,7265115.0,7223938.0,7177991.0,7127822.0,7075947.0,7025037.0,6975761.0,High income
Bahrain,BHR,697550.0,735140.0,778708.0,829846.0,889157.0,958423.0,1035924.0,1114645.0,1185075.0,1240864.0,1278153.0,1299942.0,1315029.0,1336073.0,1371853.0,1425793.0,1494077.0,1569440.0,1641164.0,High income
Bahamas,BHS,302618.0,307657.0,313123.0,318893.0,324848.0,331032.0,337387.0,343680.0,349600.0,354936.0,359583.0,363581.0,367162.0,370625.0,374200.0,377923.0,381749.0,385635.0,389486.0,High income
Bosnia and Herzegovina,BIH,3755514.0,3759389.0,3762179.0,3764194.0,3765332.0,3765422.0,3762791.0,3754261.0,3735945.0,3705478.0,3661173.0,3604972.0,3542598.0,3482106.0,3429362.0,3386263.0,3351534.0,3323929.0,3300998.0,High income
Belarus,BLR,9928549.0,9865548.0,9796749.0,9730146.0,9663915.0,9604924.0,9560953.0,9527985.0,9504583.0,9483836.0,9461643.0,9446836.0,9443211.0,9448515.0,9461076.0,9469379.0,9458989.0,9438785.0,9419758.0,High income
Belize,BLZ,255068.0,262387.0,269428.0,276516.0,283798.0,291338.0,299031.0,306822.0,314655.0,322465.0,330236.0,338001.0,345707.0,353366.0,360926.0,368399.0,375775.0,383071.0,390351.0,High income
Bermuda,BMU,62504.0,62912.0,63325.0,63740.0,64154.0,64523.0,64888.0,65273.0,65636.0,65124.0,64564.0,64798.0,65001.0,65138.0,65237.0,64554.0,63873.0,63918.0,63911.0,High income
"Bolivia, Plurinational State of",BOL,8580244.0,8742822.0,8905820.0,9069044.0,9232301.0,9395449.0,9558438.0,9721457.0,9884790.0,10048597.0,10212951.0,10377677.0,10542375.0,10706517.0,10869732.0,11031822.0,11192853.0,11353140.0,11513102.0,Low income
Brazil,BRA,177196051.0,179537523.0,181809244.0,184006479.0,186127108.0,188167353.0,190130445.0,192030362.0,193886505.0,195713637.0,197514541.0,199287292.0,201035904.0,202763744.0,204471759.0,206163056.0,207833825.0,209469320.0,211049519.0,High income
Barbados,BRB,272494.0,273423.0,274331.0,275283.0,276320.0,277475.0,278701.0,279946.0,281107.0,282131.0,282987.0,283698.0,284294.0,284825.0,285327.0,285798.0,286229.0,286640.0,287021.0,High income
Brunei Darussalam,BRN,340037.0,346777.0,353295.0,359434.0,365112.0,370262.0,374967.0,379418.0,383902.0,388634.0,393687.0,398997.0,404414.0,409778.0,414914.0,419791.0,424481.0,428960.0,433296.0,High income
Bhutan,BTN,603643.0,616025.0,627840.0,638809.0,648744.0,657404.0,664873.0,671611.0,678329.0,685502.0,693297.0,701582.0,710235.0,719053.0,727885.0,736706.0,745563.0,754396.0,763094.0,Low income
Botswana,BWA,1674674.0,1704637.0,1734387.0,1765533.0,1799077.0,1835911.0,1875458.0,1915636.0,1953495.0,1987106.0,2015406.0,2039551.0,2062551.0,2088619.0,2120716.0,2159925.0,2205076.0,2254067.0,2303703.0,High income
Central African Republic,CAF,3722016.0,3802129.0,3881185.0,3959883.0,4038380.0,4118075.0,4198004.0,4273368.0,4337623.0,4386765.0,4418639.0,4436411.0,4447945.0,4464171.0,4493171.0,4537683.0,4596023.0,4666375.0,4745179.0,Low income
Canada,CAN,31020902.0,31360079.0,31644028.0,31940655.0,32243753.0,32571174.0,32889025.0,33247118.0,33628895.0,34004889.0,34339328.0,34714222.0,35082954.0,35437435.0,35702908.0,36109487.0,36545236.0,37065084.0,37601230.0,High income
Switzerland,CHE,7229854.0,7284753.0,7339001.0,7389625.0,7437115.0,7483934.0,7551117.0,7647675.0,7743831.0,7824909.0,7912398.0,7996861.0,8089346.0,8188649.0,8282396.0,8373338.0,8451840.0,8514329.0,8575280.0,High income
Chile,CHL,15516112.0,15684413.0,15849649.0,16014972.0,16182713.0,16354507.0,16530201.0,16708255.0,16886184.0,17062531.0,17233584.0,17400359.0,17571511.0,17758969.0,17969356.0,18209072.0,18470435.0,18729166.0,18952035.0,High income
China,CHN,1271850000.0,1280400000.0,1288400000.0,1296075000.0,1303720000.0,1311020000.0,1317885000.0,1324655000.0,1331260000.0,1337705000.0,1345035000.0,1354190000.0,1363240000.0,1371860000.0,1379860000.0,1387790000.0,1396215000.0,1402760000.0,1407745000.0,High income
CÃ´te d'Ivoire,CIV,16853027.0,17231539.0,17599613.0,17970493.0,18354513.0,18754914.0,19171250.0,19605568.0,20059147.0,20532944.0,21028652.0,21547188.0,22087506.0,22647672.0,23226148.0,23822726.0,24437475.0,25069226.0,25716554.0,Low income
Cameroon,CMR,15928910.0,16357605.0,16800869.0,17259322.0,17733408.0,18223677.0,18730283.0,19252674.0,19789922.0,20341236.0,20906392.0,21485267.0,22077300.0,22681853.0,23298376.0,23926549.0,24566070.0,25216261.0,25876387.0,Low income
"Congo, the Democratic Republic of the",COD,48428534.0,49871670.0,51425583.0,53068869.0,54785894.0,56578046.0,58453687.0,60411195.0,62448572.0,64563853.0,66755151.0,69020749.0,71358804.0,73767445.0,76244532.0,78789130.0,81398765.0,84068092.0,86790568.0,Low income
Congo,COG,3217930.0,3310376.0,3406915.0,3510468.0,3622775.0,3745143.0,3876123.0,4011487.0,4145400.0,4273738.0,4394842.0,4510197.0,4622757.0,4736965.0,4856093.0,4980996.0,5110701.0,5244363.0,5380504.0,Low income
Colombia,COL,40255956.0,40875363.0,41483872.0,42075953.0,42647731.0,43200901.0,43737512.0,44254972.0,44750054.0,45222699.0,45662747.0,46075721.0,46495492.0,46967706.0,47520667.0,48175048.0,48909844.0,49661056.0,50339443.0,High income
Comoros,COM,555895.0,569480.0,583213.0,597230.0,611625.0,626427.0,641624.0,657227.0,673251.0,689696.0,706578.0,723865.0,741511.0,759390.0,777435.0,795597.0,813890.0,832322.0,850891.0,Low income
Cape Verde,CPV,435701.0,442955.0,449925.0,456619.0,463034.0,469171.0,475067.0,480846.0,486667.0,492644.0,498858.0,505241.0,511740.0,518276.0,524740.0,531140.0,537499.0,543764.0,549936.0,Low income
Costa Rica,CRI,4034074.0,4100922.0,4164053.0,4225156.0,4285504.0,4345421.0,4404626.0,4463123.0,4520739.0,4577371.0,4633086.0,4688003.0,4742111.0,4795390.0,4847805.0,4899336.0,4949955.0,4999443.0,5047561.0,High income
Cuba,CUB,11164676.0,11199664.0,11229185.0,11250369.0,11261586.0,11261241.0,11251117.0,11236975.0,11226711.0,11225833.0,11236671.0,11257112.0,11282722.0,11306909.0,11324777.0,11335108.0,11339255.0,11338146.0,11333484.0,High income
Cayman Islands,CYM,43934.0,45347.0,46624.0,47899.0,49261.0,50729.0,52280.0,53835.0,55321.0,56672.0,57877.0,58963.0,59933.0,60848.0,61721.0,62564.0,63382.0,64172.0,64948.0,High income
Cyprus,CYP,960274.0,976968.0,993562.0,1010410.0,1027657.0,1045508.0,1063708.0,1081568.0,1098089.0,1112617.0,1124837.0,1135046.0,1143866.0,1152297.0,1160987.0,1170189.0,1179685.0,1189262.0,1198574.0,High income
Czech Republic,CZE,10216605.0,10196916.0,10193998.0,10197101.0,10211216.0,10238905.0,10298828.0,10384603.0,10443936.0,10474410.0,10496088.0,10510785.0,10514272.0,10525347.0,10546059.0,10566332.0,10594438.0,10629928.0,10671870.0,High income
Germany,DEU,82349925.0,82488495.0,82534176.0,82516260.0,82469422.0,82376451.0,82266372.0,82110097.0,81902307.0,81776930.0,80274983.0,80425823.0,80645605.0,80982500.0,81686611.0,82348669.0,82657002.0,82905782.0,83092962.0,High income
Djibouti,DJI,733019.0,746947.0,759639.0,771599.0,783248.0,794554.0,805456.0,816361.0,827820.0,840194.0,853671.0,868136.0,883296.0,898707.0,913998.0,929117.0,944100.0,958923.0,973557.0,Low income
Dominica,DMA,69671.0,69840.0,70102.0,70387.0,70580.0,70718.0,70797.0,70829.0,70848.0,70877.0,70912.0,70954.0,71019.0,71091.0,71175.0,71307.0,71460.0,71626.0,71808.0,High income
Denmark,DNK,5358783.0,5375931.0,5390574.0,5404523.0,5419432.0,5437272.0,5461438.0,5493621.0,5523095.0,5547683.0,5570572.0,5591572.0,5614932.0,5643475.0,5683483.0,5728010.0,5764980.0,5793636.0,5814422.0,High income
Dominican Republic,DOM,8598599.0,8724974.0,8850317.0,8974444.0,9097262.0,9218681.0,9338856.0,9458079.0,9576736.0,9695117.0,9813219.0,9930916.0,10048226.0,10165182.0,10281675.0,10397738.0,10513111.0,10627147.0,10738957.0,High income
Algeria,DZA,31451513.0,31855110.0,32264159.0,32692153.0,33149720.0,33641007.0,34166976.0,34730604.0,35333882.0,35977451.0,36661438.0,37383899.0,38140135.0,38923688.0,39728020.0,40551398.0,41389174.0,42228415.0,43053054.0,Low income
Ecuador,ECU,12914660.0,13143465.0,13369678.0,13596390.0,13825839.0,14059379.0,14296554.0,14535740.0,14774412.0,15011114.0,15243885.0,15474099.0,15707473.0,15951832.0,16212022.0,16491116.0,16785356.0,17084359.0,17373657.0,High income
Egypt,EGY,70152662.0,71485044.0,72826102.0,74172073.0,75523576.0,76873670.0,78232124.0,79636081.0,81134789.0,82761244.0,84529251.0,86422240.0,88404652.0,90424668.0,92442549.0,94447071.0,96442590.0,98423602.0,100388076.0,Low income
Spain,ESP,40850412.0,41431558.0,42187645.0,42921895.0,43653155.0,44397319.0,45226803.0,45954106.0,46362946.0,46576897.0,46742697.0,46773055.0,46620045.0,46480882.0,46444832.0,46484062.0,46593236.0,46797754.0,47134837.0,High income
Estonia,EST,1388115.0,1379350.0,1370720.0,1362550.0,1354775.0,1346810.0,1340680.0,1337090.0,1334515.0,1331475.0,1327439.0,1322696.0,1317997.0,1314545.0,1315407.0,1315790.0,1317384.0,1321977.0,1326855.0,High income
Ethiopia,ETH,68159422.0,70142090.0,72170581.0,74239508.0,76346310.0,78489205.0,80674343.0,82916236.0,85233923.0,87639962.0,90139928.0,92726982.0,95385793.0,98094264.0,100835453.0,103603461.0,106399926.0,109224410.0,112078727.0,Low income
Finland,FIN,5188008.0,5200598.0,5213014.0,5228172.0,5246096.0,5266268.0,5288720.0,5313399.0,5338871.0,5363352.0,5388272.0,5413971.0,5438972.0,5461512.0,5479531.0,5495303.0,5508214.0,5515525.0,5521606.0,High income
Fiji,FJI,813923.0,815257.0,816078.0,817864.0,821606.0,827869.0,836185.0,845356.0,853636.0,859816.0,863451.0,865065.0,865602.0,866447.0,868632.0,872406.0,877460.0,883490.0,889955.0,High income
France,FRA,61357432.0,61805266.0,62244880.0,62704901.0,63179356.0,63621376.0,64016227.0,64374979.0,64707035.0,65027505.0,65342789.0,65659814.0,65998685.0,66312067.0,66548272.0,66724104.0,66918020.0,67101930.0,67248926.0,High income
Faroe Islands,FRO,46999.0,47235.0,47439.0,47600.0,47731.0,47793.0,47825.0,47822.0,47814.0,47803.0,47815.0,47843.0,47901.0,47965.0,48055.0,48173.0,48326.0,48497.0,48677.0,High income
"Micronesia, Federated States of",FSM,107170.0,107027.0,106902.0,106624.0,106135.0,105374.0,104442.0,103549.0,102971.0,102916.0,103448.0,104506.0,105922.0,107444.0,108886.0,110215.0,111461.0,112640.0,113811.0,Low income
Gabon,GAB,1258008.0,1288310.0,1319946.0,1353788.0,1390550.0,1430144.0,1472565.0,1518538.0,1568925.0,1624146.0,1684629.0,1749677.0,1817070.0,1883801.0,1947690.0,2007882.0,2064812.0,2119275.0,2172578.0,High income
United Kingdom,GBR,59119673.0,59370479.0,59647577.0,59987905.0,60401206.0,60846820.0,61322463.0,61806995.0,62276270.0,62766365.0,63258810.0,63700215.0,64128273.0,64602298.0,65116219.0,65611593.0,66058859.0,66460344.0,66836327.0,High income
Georgia,GEO,4014373.0,3978515.0,3951736.0,3927340.0,3902469.0,3880347.0,3860158.0,3848449.0,3814419.0,3786695.0,3756441.0,3728874.0,3717668.0,3719414.0,3725276.0,3727505.0,3728004.0,3726549.0,3720161.0,High income
Ghana,GHA,19756929.0,20246376.0,20750308.0,21272328.0,21814648.0,22379057.0,22963946.0,23563832.0,24170943.0,24779614.0,25387713.0,25996454.0,26607641.0,27224480.0,27849203.0,28481947.0,29121464.0,29767108.0,30417858.0,Low income
Gibraltar,GIB,31604.0,32097.0,32556.0,32930.0,33222.0,33420.0,33524.0,33570.0,33562.0,33585.0,33608.0,33653.0,33694.0,33726.0,33742.0,33738.0,33723.0,33715.0,33706.0,High income
Guinea,GIN,8417082.0,8586077.0,8753097.0,8925729.0,9109585.0,9307421.0,9518159.0,9738796.0,9964470.0,10192168.0,10420459.0,10652032.0,10892821.0,11150970.0,11432096.0,11738434.0,12067516.0,12414292.0,12771246.0,Low income
Gambia,GMB,1360070.0,1404263.0,1449925.0,1496524.0,1543745.0,1591444.0,1639846.0,1689288.0,1740277.0,1793199.0,1848142.0,1905020.0,1963708.0,2024037.0,2085860.0,2149134.0,2213900.0,2280092.0,2347696.0,Low income
Guinea-Bissau,GNB,1227105.0,1254454.0,1283297.0,1313492.0,1344931.0,1377582.0,1411545.0,1446936.0,1483920.0,1522603.0,1562996.0,1604981.0,1648259.0,1692433.0,1737207.0,1782434.0,1828146.0,1874304.0,1920917.0,Low income
Equatorial Guinea,GNQ,631662.0,658388.0,686670.0,716949.0,749527.0,784494.0,821686.0,860839.0,901589.0,943640.0,986861.0,1031191.0,1076412.0,1122273.0,1168575.0,1215181.0,1262008.0,1308966.0,1355982.0,High income
Greece,GRC,10862132.0,10902022.0,10928070.0,10955141.0,10987314.0,11020362.0,11048473.0,11077841.0,11107017.0,11121341.0,11104899.0,11045011.0,10965211.0,10892413.0,10820883.0,10775971.0,10754679.0,10732882.0,10721582.0,High income
Grenada,GRD,103242.0,103636.0,104003.0,104346.0,104658.0,104938.0,105183.0,105457.0,105787.0,106227.0,106786.0,107452.0,108172.0,108900.0,109603.0,110263.0,110874.0,111449.0,112002.0,High income
Greenland,GRL,56350.0,56609.0,56765.0,56911.0,56935.0,56774.0,56555.0,56328.0,56323.0,56905.0,56890.0,56810.0,56483.0,56295.0,56114.0,56186.0,56171.0,56023.0,56225.0,High income
Guatemala,GTM,11871565.0,12147518.0,12415334.0,12682108.0,12948292.0,13213330.0,13477017.0,13739299.0,14000190.0,14259687.0,14521515.0,14781942.0,15043981.0,15306316.0,15567419.0,15827690.0,16087418.0,16346950.0,16604026.0,High income
Guam,GUM,156395.0,157173.0,157723.0,158094.0,158406.0,158649.0,158848.0,159037.0,159232.0,159439.0,159690.0,159990.0,160415.0,161007.0,161851.0,162948.0,164281.0,165770.0,167295.0,High income
Guyana,GUY,745206.0,744789.0,745142.0,745737.0,746156.0,746335.0,746477.0,746815.0,747718.0,749430.0,752029.0,755388.0,759281.0,763371.0,767433.0,771363.0,775218.0,779007.0,782775.0,High income
Hong Kong,HKG,6714300.0,6744100.0,6730800.0,6783500.0,6813200.0,6857100.0,6916300.0,6957800.0,6972800.0,7024200.0,7071600.0,7150100.0,7178900.0,7229500.0,7291300.0,7336600.0,7393200.0,7452600.0,7507900.0,High income
Honduras,HND,6751912.0,6929267.0,7106323.0,7282953.0,7458982.0,7634295.0,7808520.0,7980955.0,8150780.0,8317467.0,8480670.0,8640692.0,8798524.0,8955579.0,9112904.0,9270794.0,9429016.0,9587523.0,9746115.0,Low income
Croatia,HRV,4299642.0,4302174.0,4303399.0,4304600.0,4310145.0,4311159.0,4310217.0,4309705.0,4305181.0,4295427.0,4280622.0,4267558.0,4255689.0,4238389.0,4203604.0,4174349.0,4124531.0,4087843.0,4065253.0,High income
Haiti,HTI,8608810.0,8754148.0,8900108.0,9047082.0,9195289.0,9344784.0,9495336.0,9646570.0,9798046.0,9949318.0,10100320.0,10250922.0,10400672.0,10549007.0,10695540.0,10839976.0,10982367.0,11123183.0,11263079.0,Low income
Hungary,HUN,10187576.0,10158608.0,10129552.0,10107146.0,10087065.0,10071370.0,10055780.0,10038188.0,10022650.0,10000023.0,9971727.0,9920362.0,9893082.0,9866468.0,9843028.0,9814023.0,9787966.0,9775564.0,9771141.0,High income
Indonesia,IDN,214427419.0,217357790.0,220309473.0,223285666.0,226289468.0,229318262.0,232374239.0,235469755.0,238620554.0,241834226.0,245115988.0,248451714.0,251805314.0,255128076.0,258383257.0,261556386.0,264650969.0,267670549.0,270625567.0,Low income
Isle of Man,IMN,77707.0,78318.0,78878.0,79515.0,80293.0,81283.0,82406.0,83515.0,84379.0,84856.0,84889.0,84534.0,83985.0,83488.0,83232.0,83296.0,83610.0,84073.0,84589.0,High income
India,IND,1075000094.0,1093317187.0,1111523146.0,1129623466.0,1147609924.0,1165486291.0,1183209471.0,1200669762.0,1217726217.0,1234281163.0,1250287939.0,1265780243.0,1280842119.0,1295600768.0,1310152392.0,1324517250.0,1338676779.0,1352642283.0,1366417756.0,Low income
Ireland,IRL,3866243.0,3931947.0,3996521.0,4070262.0,4159914.0,4273591.0,4398942.0,4489544.0,4535375.0,4560155.0,4580084.0,4599533.0,4623816.0,4657740.0,4701957.0,4755335.0,4807388.0,4867316.0,4934340.0,High income
"Iran, Islamic Republic of",IRN,66449111.0,67284801.0,68122947.0,68951279.0,69762345.0,70554756.0,71336476.0,72120608.0,72924833.0,73762519.0,74634959.0,75539881.0,76481963.0,77465769.0,78492208.0,79563991.0,80673888.0,81800204.0,82913893.0,Low income
Iraq,IRQ,24208178.0,24931922.0,25644503.0,26313838.0,26922279.0,27448124.0,27911242.0,28385739.0,28973157.0,29741977.0,30725305.0,31890012.0,33157061.0,34411949.0,35572269.0,36610632.0,37552789.0,38433604.0,39309789.0,High income
Iceland,ISL,284968.0,287523.0,289521.0,292074.0,296734.0,303782.0,311566.0,317414.0,318499.0,318041.0,319014.0,320716.0,323764.0,327386.0,330815.0,335439.0,343400.0,352721.0,360563.0,High income
Israel,ISR,6439000.0,6570000.0,6689700.0,6809000.0,6930100.0,7053700.0,7180100.0,7308800.0,7485600.0,7623600.0,7765800.0,7910500.0,8059500.0,8215700.0,8380100.0,8546000.0,8713300.0,8882800.0,9054000.0,High income
Italy,ITA,56974100.0,57059007.0,57313203.0,57685327.0,57969484.0,58143979.0,58438310.0,58826731.0,59095365.0,59277417.0,59379449.0,59539717.0,60233948.0,60789140.0,60730582.0,60627498.0,60536709.0,60421760.0,59729081.0,High income
Jamaica,JAM,2674706.0,2692843.0,2709438.0,2725017.0,2740000.0,2754414.0,2768229.0,2781869.0,2795839.0,2810464.0,2825932.0,2842128.0,2858710.0,2875137.0,2891024.0,2906242.0,2920848.0,2934853.0,2948277.0,High income
Jordan,JOR,5217328.0,5317514.0,5434036.0,5580241.0,5765639.0,5991547.0,6255290.0,6556473.0,6893258.0,7261541.0,7662858.0,8089963.0,8518992.0,8918822.0,9266573.0,9554286.0,9785840.0,9965322.0,10101697.0,High income
Japan,JPN,127149000.0,127445000.0,127718000.0,127761000.0,127773000.0,127854000.0,128001000.0,128063000.0,128047000.0,128070000.0,127833000.0,127629000.0,127445000.0,127276000.0,127141000.0,127076000.0,126972000.0,126811000.0,126633000.0,High income
Kazakhstan,KAZ,14858335.0,14858948.0,14909019.0,15012984.0,15147029.0,15308085.0,15484192.0,15776938.0,16092822.0,16321872.0,16557202.0,16792090.0,17035551.0,17288285.0,17542806.0,17794055.0,18037776.0,18276452.0,18513673.0,High income
Kenya,KEN,32848569.0,33751746.0,34678781.0,35635267.0,36624897.0,37649039.0,38705934.0,39791984.0,40901798.0,42030684.0,43178270.0,44343469.0,45519986.0,46700063.0,47878339.0,49051531.0,50221146.0,51392570.0,52573967.0,Low income
Kyrgyzstan,KGZ,4945100.0,4990700.0,5043300.0,5104700.0,5162600.0,5218400.0,5268400.0,5318700.0,5383300.0,5447900.0,5514600.0,5607200.0,5719600.0,5835500.0,5956900.0,6079500.0,6198200.0,6322800.0,6456200.0,Low income
Cambodia,KHM,12405411.0,12637719.0,12856171.0,13066475.0,13273355.0,13477705.0,13679953.0,13883835.0,14093605.0,14312205.0,14541421.0,14780454.0,15026330.0,15274506.0,15521435.0,15766290.0,16009413.0,16249795.0,16486542.0,Low income
Kiribati,KIR,85844.0,87308.0,88840.0,90498.0,92319.0,94341.0,96531.0,98760.0,100928.0,102930.0,104735.0,106359.0,107887.0,109387.0,110927.0,112529.0,114153.0,115842.0,117608.0,Low income
Saint Kitts and Nevis,KNA,44602.0,45168.0,45749.0,46323.0,46852.0,47333.0,47769.0,48178.0,48599.0,49011.0,49442.0,49881.0,50328.0,50776.0,51204.0,51629.0,52036.0,52438.0,52834.0,High income
"Korea, Republic of",KOR,47370164.0,47644736.0,47892330.0,48082519.0,48184561.0,48438292.0,48683638.0,49054708.0,49307835.0,49554112.0,49936638.0,50199853.0,50428893.0,50746659.0,51014947.0,51217803.0,51361911.0,51585058.0,51764822.0,High income
Kuwait,KWT,2103273.0,2136991.0,2161626.0,2200498.0,2270196.0,2373661.0,2504026.0,2656010.0,2821041.0,2991884.0,3168054.0,3348852.0,3526382.0,3690939.0,3835588.0,3956862.0,4056102.0,4137314.0,4207077.0,High income
Lao People's Democratic Republic,LAO,5409584.0,5493247.0,5576640.0,5662199.0,5751675.0,5846075.0,5944950.0,6046630.0,6148621.0,6249168.0,6347564.0,6444527.0,6541302.0,6639763.0,6741160.0,6845848.0,6953031.0,7061498.0,7169456.0,Low income
Lebanon,LBN,3990999.0,4182205.0,4388378.0,4569377.0,4698761.0,4759760.0,4767347.0,4764745.0,4813026.0,4953064.0,5202022.0,5537620.0,5913016.0,6261046.0,6532681.0,6714281.0,6819373.0,6859408.0,6855709.0,Low income
Liberia,LBR,2953928.0,3024727.0,3077055.0,3135654.0,3218114.0,3329211.0,3461911.0,3607863.0,3754129.0,3891357.0,4017446.0,4135662.0,4248337.0,4359508.0,4472229.0,4586788.0,4702224.0,4818976.0,4937374.0,Low income
Libyan Arab Jamahiriya,LBY,5443249.0,5531097.0,5620545.0,5710163.0,5798615.0,5886874.0,5974786.0,6058740.0,6133987.0,6197667.0,6247438.0,6285751.0,6320350.0,6362039.0,6418315.0,6492160.0,6580723.0,6678565.0,6777453.0,High income
Saint Lucia,LCA,158184.0,159392.0,160530.0,161821.0,163408.0,165378.0,167644.0,170011.0,172223.0,174092.0,175538.0,176654.0,177505.0,178307.0,179131.0,180028.0,180955.0,181890.0,182795.0,High income
Liechtenstein,LIE,33543.0,33885.0,34172.0,34444.0,34718.0,34975.0,35217.0,35469.0,35723.0,35996.0,36299.0,36615.0,36940.0,37219.0,37465.0,37655.0,37805.0,37918.0,38020.0,High income
Sri Lanka,LKA,18911727.0,19062476.0,19224036.0,19387153.0,19544988.0,19695977.0,19842044.0,19983984.0,20123508.0,20261738.0,20398496.0,20425000.0,20585000.0,20778000.0,20970000.0,21203000.0,21444000.0,21670000.0,21803000.0,Low income
Lesotho,LSO,2035738.0,2029832.0,2018355.0,2005953.0,1996115.0,1989933.0,1986926.0,1987130.0,1990135.0,1995575.0,2003793.0,2014988.0,2028528.0,2043448.0,2059011.0,2075041.0,2091532.0,2108327.0,2125267.0,Low income
Lithuania,LTU,3470818.0,3443067.0,3415213.0,3377075.0,3322528.0,3269909.0,3231294.0,3198231.0,3162916.0,3097282.0,3028115.0,2987773.0,2957689.0,2932367.0,2904910.0,2868231.0,2828403.0,2801543.0,2794137.0,High income
Luxembourg,LUX,441525.0,446175.0,451630.0,458095.0,465158.0,472637.0,479993.0,488650.0,497783.0,506953.0,518347.0,530946.0,543360.0,556319.0,569604.0,582014.0,596336.0,607950.0,620001.0,High income
Latvia,LVA,2337170.0,2310173.0,2287955.0,2263122.0,2238799.0,2218357.0,2200325.0,2177322.0,2141669.0,2097555.0,2059709.0,2034319.0,2012647.0,1993782.0,1977527.0,1959537.0,1942248.0,1927174.0,1913822.0,High income
Macao,MAC,437928.0,448813.0,460157.0,471600.0,482863.0,493804.0,504504.0,515232.0,526401.0,538215.0,550833.0,564037.0,577368.0,590210.0,602093.0,612824.0,622578.0,631633.0,640446.0,High income
Saint Martin (French part),MAF,29847.0,30913.0,32055.0,33187.0,34252.0,35240.0,36138.0,36880.0,37380.0,37582.0,37451.0,37012.0,36458.0,36018.0,35865.0,36061.0,36569.0,37264.0,38002.0,High income
Morocco,MAR,29126323.0,29454765.0,29782884.0,30115196.0,30455563.0,30804689.0,31163670.0,31536807.0,31929087.0,32343384.0,32781860.0,33241898.0,33715705.0,34192358.0,34663608.0,35126274.0,35581257.0,36029089.0,36471766.0,Low income
Monaco,MCO,32474.0,32804.0,33144.0,33499.0,33842.0,34189.0,34524.0,34860.0,35223.0,35609.0,36025.0,36459.0,36899.0,37320.0,37723.0,38070.0,38392.0,38682.0,38967.0,High income
"Moldova, Republic of",MDA,2917252.0,2910504.0,2902320.0,2895147.0,2888111.0,2880095.0,2873429.0,2867964.0,2864346.0,2861487.0,2859833.0,2859458.0,2858692.0,2856950.0,2834530.0,2802170.0,2755158.0,2708214.0,2664974.0,High income
Madagascar,MDG,16260933.0,16765122.0,17279139.0,17802992.0,18336722.0,18880265.0,19433520.0,19996476.0,20569115.0,21151640.0,21743970.0,22346641.0,22961259.0,23589897.0,24234080.0,24894370.0,25570511.0,26262313.0,26969306.0,Low income
Maldives,MDV,286309.0,294185.0,302681.0,311265.0,319604.0,327489.0,335172.0,343448.0,353391.0,365730.0,380493.0,397231.0,415592.0,435018.0,454914.0,475505.0,496398.0,515704.0,530957.0,High income
Mexico,MEX,100298152.0,101684764.0,103081020.0,104514934.0,106005199.0,107560155.0,109170503.0,110815272.0,112463886.0,114092961.0,115695468.0,117274156.0,118827158.0,120355137.0,121858251.0,123333379.0,124777326.0,126190782.0,127575529.0,High income
Marshall Islands,MHL,51411.0,52368.0,53465.0,54476.0,55257.0,55765.0,56046.0,56166.0,56255.0,56361.0,56524.0,56712.0,56933.0,57183.0,57444.0,57723.0,58053.0,58412.0,58791.0,High income
"Macedonia, the former Yugoslav Republic of",MKD,2034882.0,2020157.0,2026773.0,2032544.0,2036855.0,2040228.0,2043559.0,2046898.0,2050671.0,2055004.0,2058539.0,2061044.0,2064032.0,2067471.0,2070226.0,2072490.0,2074502.0,2076217.0,2076694.0,High income
Mali,MLI,11271603.0,11616890.0,11982692.0,12369078.0,12775509.0,13203378.0,13651455.0,14113578.0,14581427.0,15049352.0,15514593.0,15979492.0,16449854.0,16934213.0,17438772.0,17965448.0,18512429.0,19077755.0,19658023.0,Low income
Malta,MLT,393028.0,395969.0,398582.0,401268.0,403834.0,405308.0,406724.0,409379.0,412477.0,414508.0,416268.0,420028.0,425967.0,434558.0,445053.0,455356.0,467999.0,484630.0,504062.0,High income
Myanmar,MMR,47225119.0,47702163.0,48148907.0,48564489.0,48949931.0,49301049.0,49621479.0,49929642.0,50250366.0,50600827.0,50990612.0,51413703.0,51852464.0,52280816.0,52680724.0,53045199.0,53382521.0,53708318.0,54045422.0,Low income
Montenegro,MNE,607389.0,609828.0,612267.0,613353.0,614261.0,615025.0,615875.0,616969.0,618294.0,619428.0,620079.0,620601.0,621207.0,621810.0,622159.0,622303.0,622373.0,622227.0,622028.0,High income
Mongolia,MNG,2419594.0,2443261.0,2468765.0,2496394.0,2526429.0,2558854.0,2593819.0,2631899.0,2673794.0,2719902.0,2770357.0,2824698.0,2881783.0,2940111.0,2998433.0,3056358.0,3113788.0,3170214.0,3225166.0,Low income
Northern Mariana Islands,MNP,58319.0,58412.0,57954.0,57240.0,56547.0,55886.0,55215.0,54621.0,54194.0,53971.0,54013.0,54306.0,54786.0,55301.0,55779.0,56187.0,56553.0,56889.0,57213.0,High income
Mozambique,MOZ,18221884.0,18764147.0,19331097.0,19910549.0,20493927.0,21080108.0,21673319.0,22276596.0,22894718.0,23531567.0,24187500.0,24862673.0,25560752.0,26286192.0,27042001.0,27829930.0,28649007.0,29496009.0,30366043.0,Low income
Mauritania,MRT,2702405.0,2778097.0,2857150.0,2939246.0,3024198.0,3111908.0,3202512.0,3296237.0,3393408.0,3494200.0,3598646.0,3706555.0,3817497.0,3930894.0,4046304.0,4163532.0,4282582.0,4403312.0,4525698.0,Low income
Mauritius,MUS,1196287.0,1204621.0,1213370.0,1221003.0,1228254.0,1233996.0,1239630.0,1244121.0,1247429.0,1250400.0,1252404.0,1255882.0,1258653.0,1260934.0,1262605.0,1263473.0,1264613.0,1265303.0,1265711.0,High income
Malawi,MWI,11432001.0,11713663.0,12000183.0,12301837.0,12625950.0,12973693.0,13341808.0,13727899.0,14128161.0,14539609.0,14962118.0,15396010.0,15839287.0,16289550.0,16745305.0,17205253.0,17670193.0,18143215.0,18628749.0,Low income
Malaysia,MYS,23709115.0,24208391.0,24698821.0,25190647.0,25690615.0,26201954.0,26720367.0,27236003.0,27735038.0,28208028.0,28650962.0,29068189.0,29468923.0,29866606.0,30270965.0,30684652.0,31104655.0,31528033.0,31949789.0,High income
New Caledonia,NCL,217324.0,221490.0,225296.0,228750.0,232250.0,235750.0,239250.0,242750.0,245950.0,249750.0,254350.0,259000.0,263650.0,268050.0,268700.0,269350.0,270000.0,270650.0,271300.0,High income
Niger,NER,11751364.0,12189988.0,12647983.0,13125914.0,13624474.0,14143969.0,14685404.0,15250913.0,15843131.0,16464025.0,17114770.0,17795209.0,18504287.0,19240182.0,20001663.0,20788789.0,21602388.0,22442831.0,23310719.0,Low income
Nigeria,NGA,125394046.0,128596079.0,131900634.0,135320420.0,138865014.0,142538305.0,146339971.0,150269622.0,154324939.0,158503203.0,162805080.0,167228803.0,171765819.0,176404931.0,181137454.0,185960244.0,190873247.0,195874685.0,200963603.0,Low income
Nicaragua,NIC,5145367.0,5219324.0,5292115.0,5364930.0,5438692.0,5513757.0,5590066.0,5667436.0,5745538.0,5824058.0,5903035.0,5982530.0,6062462.0,6142734.0,6223234.0,6303970.0,6384843.0,6465502.0,6545503.0,Low income
Netherlands,NLD,16046180.0,16148929.0,16225302.0,16281779.0,16319868.0,16346101.0,16381696.0,16445593.0,16530388.0,16615394.0,16693074.0,16754962.0,16804432.0,16865008.0,16939923.0,17030314.0,17131296.0,17231624.0,17344874.0,High income
Norway,NOR,4513751.0,4538159.0,4564855.0,4591910.0,4623291.0,4660677.0,4709153.0,4768212.0,4828726.0,4889252.0,4953088.0,5018573.0,5079623.0,5137232.0,5188607.0,5234519.0,5276968.0,5311916.0,5347896.0,High income
Nepal,NPL,24347113.0,24725625.0,25080880.0,25419337.0,25744500.0,26066687.0,26382586.0,26666581.0,26883531.0,27013207.0,27041220.0,26989160.0,26916795.0,26905982.0,27015033.0,27263430.0,27632682.0,28095712.0,28608715.0,Low income
Nauru,NRU,10219.0,10102.0,9990.0,9906.0,9848.0,9827.0,9846.0,9880.0,9945.0,10009.0,10069.0,10136.0,10208.0,10289.0,10374.0,10474.0,10577.0,10678.0,10764.0,High income
New Zealand,NZL,3880500.0,3948500.0,4027200.0,4087500.0,4133900.0,4184600.0,4223800.0,4259800.0,4302600.0,4350700.0,4384000.0,4408100.0,4442100.0,4516500.0,4609400.0,4714100.0,4813600.0,4900600.0,4979200.0,High income
Oman,OMN,2294959.0,2334860.0,2386164.0,2445524.0,2511254.0,2580753.0,2657162.0,2750956.0,2876186.0,3041435.0,3251102.0,3498031.0,3764805.0,4027255.0,4267341.0,4479217.0,4665926.0,4829476.0,4974992.0,High income
Pakistan,PAK,145978408.0,149549695.0,153093371.0,156664698.0,160304007.0,164022626.0,167808106.0,171648984.0,175525610.0,179424643.0,183340168.0,187280125.0,191260799.0,195305012.0,199426953.0,203631356.0,207906210.0,212228288.0,216565317.0,Low income
Panama,PAN,3089641.0,3149195.0,3209056.0,3269356.0,3330222.0,3391673.0,3453671.0,3516204.0,3579215.0,3642691.0,3706479.0,3770635.0,3835447.0,3901311.0,3968490.0,4037073.0,4106764.0,4176868.0,4246440.0,High income
Peru,PER,26799289.0,27100964.0,27372217.0,27624226.0,27866140.0,28102055.0,28333050.0,28562321.0,28792663.0,29027680.0,29264314.0,29506790.0,29773986.0,30090372.0,30470739.0,30926036.0,31444299.0,31989265.0,32510462.0,High income
Philippines,PHL,79672869.0,81365260.0,83051970.0,84710544.0,86326251.0,87888675.0,89405482.0,90901967.0,92414161.0,93966784.0,95570049.0,97212639.0,98871558.0,100513137.0,102113206.0,103663812.0,105172921.0,106651394.0,108116622.0,Low income
Palau,PLW,19390.0,19642.0,19812.0,19861.0,19784.0,19545.0,19159.0,18708.0,18290.0,17954.0,17748.0,17635.0,17603.0,17625.0,17665.0,17718.0,17809.0,17911.0,18001.0,High income
Papua New Guinea,PNG,5974627.0,6098621.0,6223378.0,6354247.0,6494902.0,6646891.0,6808503.0,6976200.0,7144774.0,7310512.0,7472196.0,7631003.0,7788388.0,7946733.0,8107772.0,8271766.0,8438038.0,8606324.0,8776119.0,Low income
Poland,POL,38248076.0,38230364.0,38204570.0,38182222.0,38165445.0,38141267.0,38120560.0,38125759.0,38151603.0,38042794.0,38063255.0,38063164.0,38040196.0,38011735.0,37986412.0,37970087.0,37974826.0,37974750.0,37965475.0,High income
Puerto Rico,PRI,3818774.0,3823701.0,3826095.0,3826878.0,3821362.0,3805214.0,3782995.0,3760866.0,3740410.0,3721525.0,3678732.0,3634488.0,3593077.0,3534874.0,3473232.0,3406672.0,3325286.0,3193354.0,3193694.0,High income
"Korea, Democratic People's Republic of",PRK,23132982.0,23339453.0,23542434.0,23732740.0,23904167.0,24054866.0,24188330.0,24310143.0,24428340.0,24548840.0,24673392.0,24800638.0,24929500.0,25057793.0,25183832.0,25307665.0,25429816.0,25549606.0,25666158.0,Low income
Portugal,PRT,10362722.0,10419631.0,10458821.0,10483861.0,10503330.0,10522288.0,10542964.0,10558177.0,10568247.0,10573100.0,10557560.0,10514844.0,10457295.0,10401062.0,10358076.0,10325452.0,10300300.0,10283822.0,10286263.0,High income
Paraguay,PRY,5428442.0,5531958.0,5632983.0,5730556.0,5824095.0,5913212.0,5998430.0,6081296.0,6163970.0,6248017.0,6333981.0,6421510.0,6510273.0,6599524.0,6688746.0,6777878.0,6867058.0,6956069.0,7044639.0,High income
"Palestinian Territory, Occupied",PSE,2997784.0,3075373.0,3154969.0,3236626.0,3320396.0,3406334.0,3494496.0,3591977.0,3689099.0,3786161.0,3882986.0,3979998.0,4076708.0,4173398.0,4270092.0,4367088.0,4454805.0,4569087.0,4685306.0,Low income
French Polynesia,PYF,244929.0,248976.0,252707.0,255995.0,258780.0,261007.0,262717.0,264064.0,265256.0,266449.0,267702.0,268995.0,270332.0,271713.0,273119.0,274576.0,276108.0,277673.0,279285.0,High income
Qatar,QAT,615013.0,640872.0,681791.0,753332.0,865410.0,1022704.0,1218441.0,1436670.0,1654944.0,1856329.0,2035862.0,2196078.0,2336579.0,2459202.0,2565708.0,2654379.0,2724727.0,2781682.0,2832071.0,High income
Romania,ROU,22131970.0,21730496.0,21574326.0,21451748.0,21319685.0,21193760.0,20882982.0,20537875.0,20367487.0,20246871.0,20147528.0,20058035.0,19983693.0,19908979.0,19815616.0,19702267.0,19588715.0,19473970.0,19371648.0,High income
Russian Federation,RUS,145976482.0,145306497.0,144648618.0,144067316.0,143518814.0,143049637.0,142805114.0,142742366.0,142785349.0,142849468.0,142960908.0,143201721.0,143506995.0,143819667.0,144096870.0,144342397.0,144496739.0,144477859.0,144406261.0,High income
Rwanda,RWA,8231150.0,8427061.0,8557160.0,8680516.0,8840220.0,9043342.0,9273759.0,9524532.0,9782770.0,10039338.0,10293333.0,10549668.0,10811538.0,11083629.0,11369066.0,11668829.0,11980960.0,12301969.0,12626938.0,Low income
Saudi Arabia,SAU,21202646.0,21805322.0,22456645.0,23132686.0,23816175.0,24498313.0,25184589.0,25888535.0,26630303.0,27421468.0,28267591.0,29154906.0,30052058.0,30916603.0,31717676.0,32443443.0,33101183.0,33702757.0,34268529.0,High income
Sudan,SDN,27971077.0,28704786.0,29460517.0,30214189.0,30949514.0,31661824.0,32360619.0,33060844.0,33783779.0,34545014.0,35349676.0,36193781.0,37072555.0,37977657.0,38902948.0,39847433.0,40813398.0,41801532.0,42813237.0,Low income
Senegal,SEN,10036102.0,10283694.0,10541470.0,10810086.0,11090123.0,11382272.0,11687078.0,12004700.0,12335092.0,12678143.0,13033814.0,13401990.0,13782429.0,14174740.0,14578450.0,14993514.0,15419354.0,15854324.0,16296362.0,Low income
Singapore,SGP,4138012.0,4175950.0,4114826.0,4166664.0,4265762.0,4401365.0,4588599.0,4839396.0,4987573.0,5076732.0,5183688.0,5312437.0,5399162.0,5469724.0,5535002.0,5607283.0,5612253.0,5638676.0,5703569.0,High income
Solomon Islands,SLB,423949.0,435434.0,447016.0,458549.0,469918.0,481086.0,492133.0,503366.0,515182.0,527861.0,541522.0,556066.0,571329.0,587079.0,603133.0,619438.0,636030.0,652856.0,669821.0,Low income
Sierra Leone,SLE,4754069.0,4965770.0,5201074.0,5433995.0,5645629.0,5829240.0,5989641.0,6133599.0,6272735.0,6415636.0,6563238.0,6712586.0,6863975.0,7017153.0,7171909.0,7328846.0,7488427.0,7650149.0,7813207.0,Low income
El Salvador,SLV,5927001.0,5962139.0,5994075.0,6023801.0,6052124.0,6079395.0,6105810.0,6131767.0,6157678.0,6183877.0,6210567.0,6237922.0,6266076.0,6295124.0,6325121.0,6356137.0,6388124.0,6420740.0,6453550.0,Low income
San Marino,SMR,27818.0,28175.0,28561.0,28942.0,29324.0,29694.0,30068.0,30434.0,30825.0,31221.0,31655.0,32103.0,32554.0,32941.0,33270.0,33503.0,33671.0,33784.0,33864.0,High income
Somalia,SOM,9186719.0,9501335.0,9815412.0,10130251.0,10446856.0,10763904.0,11080122.0,11397188.0,11717691.0,12043886.0,12376305.0,12715487.0,13063711.0,13423571.0,13797204.0,14185635.0,14589165.0,15008225.0,15442906.0,Low income
Serbia,SRB,7503433.0,7496522.0,7480591.0,7463157.0,7440769.0,7411569.0,7381579.0,7350222.0,7320807.0,7291436.0,7234099.0,7199077.0,7164132.0,7130576.0,7095383.0,7058322.0,7020858.0,6982604.0,6945235.0,High income
Sao Tome and Principe,STP,144760.0,147450.0,150405.0,153736.0,157472.0,161676.0,166297.0,171122.0,175877.0,180372.0,184521.0,188394.0,192076.0,195727.0,199439.0,203221.0,207086.0,211032.0,215048.0,Low income
Suriname,SUR,476574.0,482228.0,487938.0,493680.0,499461.0,505292.0,511181.0,517122.0,523113.0,529126.0,535177.0,541247.0,547295.0,553278.0,559136.0,564883.0,570501.0,575987.0,581363.0,High income
Slovakia,SVK,5378867.0,5376912.0,5373374.0,5372280.0,5372807.0,5373054.0,5374622.0,5379233.0,5386406.0,5391428.0,5398384.0,5407579.0,5413393.0,5418649.0,5423801.0,5430798.0,5439232.0,5446771.0,5454147.0,High income
Slovenia,SVN,1992060.0,1994530.0,1995733.0,1997012.0,2000474.0,2006868.0,2018122.0,2021316.0,2039669.0,2048583.0,2052843.0,2057159.0,2059953.0,2061980.0,2063531.0,2065042.0,2066388.0,2073894.0,2088385.0,High income
Sweden,SWE,8895960.0,8924958.0,8958229.0,8993531.0,9029572.0,9080505.0,9148092.0,9219637.0,9298515.0,9378126.0,9449213.0,9519374.0,9600379.0,9696110.0,9799186.0,9923085.0,10057698.0,10175214.0,10278887.0,High income
Swaziland,SWZ,1013608.0,1019054.0,1022796.0,1026287.0,1030575.0,1036095.0,1042651.0,1049948.0,1057462.0,1064841.0,1072029.0,1079285.0,1086843.0,1095022.0,1104038.0,1113994.0,1124808.0,1136274.0,1148133.0,Low income
Seychelles,SYC,81202.0,83723.0,82781.0,82475.0,82858.0,84600.0,85033.0,86956.0,87298.0,89770.0,87441.0,88303.0,89949.0,91359.0,93419.0,94677.0,95843.0,96762.0,97625.0,High income
Syrian Arab Republic,SYR,16766555.0,17084628.0,17415214.0,17827827.0,18361178.0,19059257.0,19878257.0,20664037.0,21205873.0,21362541.0,21081814.0,20438861.0,19578466.0,18710711.0,17997411.0,17465567.0,17095669.0,16945062.0,17070132.0,Low income
Turks and Caicos Islands,TCA,21578.0,23230.0,25008.0,26709.0,28181.0,29394.0,30383.0,31200.0,31933.0,32658.0,33371.0,34067.0,34733.0,35371.0,35979.0,36558.0,37116.0,37667.0,38194.0,High income
Chad,TCD,8678049.0,9019226.0,9373913.0,9734761.0,10096630.0,10457122.0,10818031.0,11183589.0,11560142.0,11952134.0,12360986.0,12784748.0,13220433.0,13663562.0,14110971.0,14561658.0,15016761.0,15477727.0,15946882.0,Low income
Togo,TGO,5062571.0,5197040.0,5330629.0,5467770.0,5611643.0,5762881.0,5920360.0,6083417.0,6250840.0,6421674.0,6595939.0,6773807.0,6954721.0,7137997.0,7323162.0,7509952.0,7698476.0,7889095.0,8082359.0,Low income
Thailand,THA,63539190.0,64069093.0,64549867.0,64995303.0,65416189.0,65812540.0,66182064.0,66530980.0,66866834.0,67195032.0,67518379.0,67835969.0,68144519.0,68438748.0,68714519.0,68971313.0,69209817.0,69428454.0,69625581.0,High income
Tajikistan,TJK,6318510.0,6426861.0,6541550.0,6662391.0,6789318.0,6922590.0,7062667.0,7209924.0,7364752.0,7527397.0,7697507.0,7874838.0,8059782.0,8252828.0,8454019.0,8663575.0,8880270.0,9100847.0,9321023.0,Low income
Turkmenistan,TKM,4564087.0,4610018.0,4655752.0,4703396.0,4754652.0,4810114.0,4870142.0,4935765.0,5007953.0,5087211.0,5174076.0,5267906.0,5366376.0,5466324.0,5565283.0,5662371.0,5757667.0,5850902.0,5942094.0,High income
Timor-Leste,TLS,901214.0,922699.0,947110.0,971889.0,995130.0,1016437.0,1036388.0,1055428.0,1074286.0,1093517.0,1113154.0,1133002.0,1153288.0,1174333.0,1196294.0,1219289.0,1243260.0,1267975.0,1293120.0,Low income
Tonga,TON,98482.0,99023.0,99591.0,100214.0,100908.0,101714.0,102577.0,103384.0,103897.0,103981.0,103558.0,102736.0,101768.0,101023.0,100780.0,101143.0,102002.0,103199.0,104497.0,High income
Trinidad and Tobago,TTO,1271627.0,1277210.0,1283564.0,1290115.0,1296497.0,1302552.0,1308450.0,1314449.0,1320921.0,1328144.0,1336180.0,1344814.0,1353708.0,1362337.0,1370332.0,1377563.0,1384060.0,1389841.0,1394969.0,High income
Tunisia,TUN,9793915.0,9871261.0,9945282.0,10022278.0,10106778.0,10201211.0,10304729.0,10414425.0,10525691.0,10635245.0,10741872.0,10846993.0,10952949.0,11063195.0,11179951.0,11303942.0,11433438.0,11565203.0,11694721.0,Low income
Turkey,TUR,64192243.0,65145357.0,66089402.0,67010930.0,67903461.0,68756809.0,69581854.0,70418612.0,71321406.0,72326992.0,73443254.0,74651046.0,75925454.0,77229262.0,78529413.0,79827868.0,81116451.0,82340090.0,83429607.0,High income
Tuvalu,TUV,9478.0,9593.0,9724.0,9871.0,9997.0,10118.0,10219.0,10315.0,10413.0,10521.0,10626.0,10744.0,10849.0,10973.0,11099.0,11232.0,11365.0,11505.0,11655.0,High income
"Tanzania, United Republic of",TZA,34385849.0,35334790.0,36337778.0,37379766.0,38450323.0,39548666.0,40681416.0,41853944.0,43073830.0,44346532.0,45673520.0,47053033.0,48483132.0,49960563.0,51482638.0,53049231.0,54660345.0,56313444.0,58005461.0,Low income
Uganda,UGA,24388974.0,25167261.0,25980547.0,26821300.0,27684590.0,28571475.0,29486335.0,30431734.0,31411096.0,32428164.0,33476772.0,34558700.0,35694519.0,36911530.0,38225447.0,39649173.0,41166588.0,42729032.0,44269587.0,Low income
Ukraine,UKR,48662400.0,48202470.0,47812949.0,47451626.0,47105171.0,46787786.0,46509355.0,46258189.0,46053331.0,45870741.0,45706086.0,45593342.0,45489648.0,45272155.0,45154036.0,45004673.0,44831135.0,44622518.0,44386203.0,Low income
Uruguay,URY,3325471.0,3326046.0,3323661.0,3321486.0,3321799.0,3325403.0,3331753.0,3340221.0,3349676.0,3359273.0,3368926.0,3378975.0,3389436.0,3400439.0,3412013.0,3424139.0,3436645.0,3449290.0,3461731.0,High income
United States,USA,284968955.0,287625193.0,290107933.0,292805298.0,295516599.0,298379912.0,301231207.0,304093966.0,306771529.0,309327143.0,311583481.0,313877662.0,316059947.0,318386329.0,320738994.0,323071755.0,325122128.0,326838199.0,328329953.0,High income
Uzbekistan,UZB,24964450.0,25271850.0,25567650.0,25864350.0,26167000.0,26488250.0,26868000.0,27302800.0,27767400.0,28562400.0,29339400.0,29774500.0,30243200.0,30757700.0,31298900.0,31847900.0,32388600.0,32956100.0,33580350.0,Low income
Saint Vincent and the Grenadines,VCT,107893.0,108095.0,108322.0,108520.0,108617.0,108602.0,108516.0,108401.0,108293.0,108260.0,108315.0,108435.0,108624.0,108868.0,109135.0,109467.0,109826.0,110210.0,110593.0,High income
"Venezuela, Bolivarian Republic of",VEN,24646471.0,25100407.0,25551624.0,25996594.0,26432445.0,26850190.0,27247601.0,27635827.0,28031010.0,28439942.0,28887873.0,29360827.0,29781046.0,30042973.0,30081827.0,29851249.0,29402480.0,28887117.0,28515829.0,
"Virgin Islands, British",VGB,20675.0,21128.0,21674.0,22329.0,23106.0,24022.0,25050.0,26096.0,27035.0,27796.0,28326.0,28654.0,28850.0,28985.0,29148.0,29355.0,29567.0,29795.0,30033.0,High income
"Virgin Islands, U.S.",VIR,108549.0,108509.0,108505.0,108466.0,108453.0,108369.0,108337.0,108397.0,108404.0,108357.0,108290.0,108188.0,108041.0,107882.0,107712.0,107516.0,107281.0,107001.0,106669.0,High income
Viet Nam,VNM,80742500.0,81534406.0,82301650.0,83062819.0,83832662.0,84617545.0,85419588.0,86243424.0,87092250.0,87967655.0,88871384.0,89801926.0,90752593.0,91713850.0,92677082.0,93640435.0,94600643.0,95545959.0,96462108.0,Low income
Vanuatu,VUT,189209.0,193927.0,198960.0,204123.0,209282.0,214379.0,219464.0,224700.0,230244.0,236216.0,242658.0,249505.0,256637.0,263888.0,271128.0,278326.0,285499.0,292675.0,299882.0,Low income
Samoa,WSM,175394.0,176410.0,177481.0,178597.0,179722.0,180874.0,182045.0,183270.0,184553.0,185944.0,187469.0,189089.0,190712.0,192220.0,193510.0,194540.0,195358.0,196128.0,197093.0,Low income
Yemen,YEM,17918369.0,18443684.0,18985001.0,19540096.0,20107416.0,20687648.0,21282514.0,21892149.0,22516464.0,23154854.0,23807586.0,24473176.0,25147112.0,25823488.0,26497881.0,27168210.0,27834811.0,28498683.0,29161922.0,Low income
South Africa,ZAF,45571272.0,46150913.0,46719203.0,47291610.0,47880595.0,48489464.0,49119766.0,49779472.0,50477013.0,51216967.0,52003759.0,52832659.0,53687125.0,54544184.0,55386369.0,56207649.0,57009751.0,57792520.0,58558267.0,High income
Zambia,ZMB,10692197.0,10971704.0,11256740.0,11550641.0,11856244.0,12173518.0,12502958.0,12848531.0,13215142.0,13605986.0,14023199.0,14465148.0,14926551.0,15399793.0,15879370.0,16363449.0,16853608.0,17351714.0,17861034.0,Low income
Zimbabwe,ZWE,11923906.0,11954293.0,11982219.0,12019911.0,12076697.0,12155496.0,12255920.0,12379553.0,12526964.0,12697728.0,12894323.0,13115149.0,13350378.0,13586710.0,13814642.0,14030338.0,14236599.0,14438812.0,14645473.0,Low income
