country_name,country_code,edu_2001,edu_2002,edu_2003,edu_2004,edu_2005,edu_2006,edu_2007,edu_2008,edu_2009,edu_2010,edu_2011,edu_2012,edu_2013,edu_2014,edu_2015,edu_2016,edu_2017,edu_2018,edu_2019,income_group,university_count,tuition
Angola,AGO,214983478.1,387686651.8,444784089.1,566607736.8,861381734.7,1173559795.0,1613246089.0,2285783734.0,2102908337.0,2702941027.0,3641400000.0,4212600000.0,4533900000.0,4890900000.0,3927000000.0,3421850990.0,4105500000.0,3338795493.0,2923861801.0,Low income,18,Standard
Albania,ALB,117813750.0,130723337.5,170291092.4,218993873.4,246457134.9,276848712.7,334246631.1,397189690.0,366306134.1,367574831.1,404295655.2,386165196.7,413360041.9,420811677.8,359944696.2,430652244.1,431208986.6,500145450.3,502149869.7,High income,35,Standard
Argentina,ARG,12841200000.0,3988842928.0,4562800000.0,4818000000.0,6142400000.0,8280000000.0,10808000000.0,15002500000.0,15536300000.0,18486800000.0,25071046464.0,27750868812.0,28253339862.0,26234710218.0,30665433944.0,27599850570.0,31294914217.0,25255544807.0,21661870447.0,High income,127,Standard
Armenia,ARM,51896798.4,59776251.38,72036935.7,94501156.53,132249832.6,176705202.3,261573904.9,339528924.1,252310803.1,277391346.5,305311195.9,326853743.1,301002327.0,254766307.9,296117168.8,263833083.2,273378571.1,289999550.4,316116555.4,High income,44,Standard
Antigua and Barbuda,ATG,26838989.33,26975423.75,27089232.86,27426346.15,29021299.94,30899435.99,32816392.09,31770968.28,26493959.99,25222042.51,24807868.34,26107240.84,25712732.5,26752015.82,28180767.51,30138367.5,31257630.83,34379848.33,35583251.67,High income,2,Standard
Australia,AUS,17825920000.0,18703300000.0,22118880000.0,29169420000.0,32781000000.0,34392200000.0,38025600000.0,46460000000.0,43008000000.0,55880000000.0,64990000000.0,75750000000.0,76343429209.0,69565654245.0,66265485443.0,59237327896.0,64759451683.0,69277552963.0,67771519203.0,High income,40,Standard
Austria,AUT,10666500000.0,11342000000.0,13754700000.0,15420000000.0,16033500000.0,17085900000.0,19438800000.0,22003800000.0,22200000000.0,21330000000.0,23382000000.0,21361000000.0,22767486392.0,22879080370.0,19699836913.0,20343905069.0,20849912377.0,22772962547.0,22418716463.0,High income,73,Standard
Azerbaijan,AZE,204717534.6,198777319.5,240955666.4,298904345.2,391946562.3,522729572.4,804273919.1,1161552154.0,1402953098.0,1442491652.0,1572861796.0,1416304373.0,1732254824.0,1904229749.0,1532380564.0,1077984877.0,997849387.7,1141284052.0,1178560520.0,High income,41,Standard
Burundi,BDI,24032464.99,22565512.37,21485250.11,25172844.75,39578868.0,49950713.33,58062872.69,74750419.44,96339248.08,128556512.5,128000261.2,132394445.5,126977586.9,139687047.9,160583021.9,141396663.7,142017448.7,138386055.1,136516180.5,Low income,21,Standard
Belgium,BEL,13505369110.0,14955986994.0,17972583607.0,21018800000.0,21840000000.0,23308200000.0,26855100000.0,31416000000.0,30625000000.0,29768000000.0,32007600000.0,31087332729.0,32676033375.0,33557967198.0,28304119719.0,29047726882.0,30600941296.0,33140940376.0,32657131028.0,High income,63,Standard
Benin,BEN,98959268.72,110400864.5,149772432.5,204901674.8,237105982.2,243734743.5,262292962.4,382256503.6,417336445.7,454178646.5,509864964.1,527152116.1,583850084.5,601659882.3,331316926.7,343714272.8,368443846.0,413747658.8,417919615.3,Low income,26,Standard
Burkina Faso,BFA,101373192.8,124134763.5,174781869.3,216245121.5,259714556.5,275516707.0,201194096.7,267450040.5,283298739.7,316783607.5,478776255.6,443214555.2,563778525.7,574846323.4,486733714.5,528480500.2,585183172.9,663220026.6,660570964.2,Low income,17,Standard
Bangladesh,BGD,723187157.1,711350557.2,1051413057.0,1005296599.0,1120444300.0,1221510706.0,1516485097.0,1687498334.0,1764900000.0,2224426875.0,2737025369.0,2877837611.0,2915472305.0,2970924594.0,2973550529.0,2912247631.0,2940213483.0,2919227416.0,2854912996.0,Low income,138,Standard
Bulgaria,BGR,470297978.2,534208450.6,818722654.2,587487497.8,1141201228.0,1277445060.0,1481723965.0,2073872028.0,2125075933.0,1975183834.0,2061744959.0,1912759792.0,2099528168.0,2195890795.0,1925811892.0,2063851351.0,2304111721.0,2556839072.0,2666535120.0,High income,48,Standard
Bahrain,BHR,327101252.1,325162233.9,358903904.3,402135541.2,467297742.1,509167314.2,542212239.9,634553007.7,543752900.7,638356055.7,705970305.9,865489653.8,912098876.1,924073781.5,853058884.5,885789295.2,974387960.1,1039628457.0,1059005497.0,High income,12,Standard
Bahamas,BHS,311409679.1,333575032.3,334374950.5,341904233.3,370294013.6,381613433.0,398393799.4,401459211.0,377485943.8,379274100.6,379046649.5,400479598.7,391116515.6,410667719.4,437096537.7,438661462.5,453146222.3,460377095.4,481070541.0,High income,1,Standard
Belarus,BLR,665814036.9,788698685.7,968107764.1,1255727395.0,1688677369.0,2103539190.0,2184994306.0,2779862732.0,2189456274.0,2774972143.0,2754497322.0,3063043393.0,3556336589.0,3585480110.0,2573943574.0,2266976958.0,2476338808.0,2720370778.0,2938423342.0,High income,47,Standard
Belize,BLZ,40145593.43,43357584.24,45598985.25,47666764.95,52653673.78,60312849.54,64374475.18,71339135.63,76578921.72,80160152.29,91361059.5,91806551.77,93307499.07,97737290.4,103917438.3,107256411.2,110759766.4,112441621.4,116238479.8,High income,3,Standard
"Bolivia, Plurinational State of",BOL,431412531.0,476678604.9,492506837.6,499968415.5,512755400.8,577051405.8,731320003.9,1026373448.0,1228297766.0,1352646270.0,1505011678.0,1542140161.0,1744968206.0,1902932281.0,1937884511.0,2025869999.0,2213058944.0,2390169165.0,2434943950.0,Low income,52,Standard
Brazil,BRA,20704400000.0,18290300000.0,20585050000.0,25350000000.0,38017400000.0,51732000000.0,66445000000.0,85140000000.0,88020000000.0,115000000000.0,140000000000.0,133000000000.0,135000000000.0,137000000000.0,108000000000.0,110000000000.0,127000000000.0,117000000000.0,115000000000.0,High income,203,Standard
Barbados,BRB,154312760.0,161028945.0,175921460.0,187679460.0,202269750.0,213107153.1,233730134.3,227860207.1,239425107.6,255363310.2,243358198.6,239186456.7,259343668.7,278115691.7,245535407.6,217803292.1,207692870.0,212142254.0,219742322.6,High income,4,Standard
Brunei Darussalam,BRN,194861941.4,193881659.8,207015005.5,235855103.1,270215270.7,306726598.3,309352667.8,339807530.1,236287656.9,276219948.7,424837557.6,498860670.1,538598852.6,570014890.7,497533111.5,488232254.2,512674430.9,544702386.2,551857369.7,High income,4,Standard
Bhutan,BTN,17848725.15,20170395.5,23590195.7,27061823.57,33770878.31,34247365.45,41023712.3,38081896.82,47574340.94,44530315.77,56049718.24,70228655.26,84885047.83,108332154.7,130771313.4,138688823.5,157245657.4,156482194.8,162064311.7,Low income,0,NA
Botswana,BWA,385344209.7,366430881.6,561316699.5,703000768.9,846662435.6,773473105.4,734464070.2,850367834.9,950760273.8,1151564587.0,1423528438.0,1342804984.0,1351011149.0,1493702157.0,1312915889.0,1447086189.0,1544009398.0,1608927012.0,1567354888.0,High income,15,Standard
Central African Republic,CAF,14708127.92,15680884.53,18201541.9,20168624.7,21366967.97,20287247.25,21929333.22,24921971.17,25255167.56,24750699.06,28148678.24,28995504.92,19627155.25,22016945.7,19744122.42,21249490.85,25046257.1,27447570.47,27439270.5,Low income,1,Standard
Canada,CAN,36259000000.0,36807502558.0,42518784917.0,47624247664.0,53590000000.0,60125000000.0,66555000000.0,67014000000.0,61830000000.0,79500000000.0,86768000000.0,88740000000.0,89726000000.0,87754000000.0,75429000000.0,74443000000.0,80359000000.0,83317000000.0,84796000000.0,High income,101,Standard
Switzerland,CHE,12188200000.0,14977800000.0,18450800000.0,20253000000.0,20021400000.0,20282500000.0,21576000000.0,25690600000.0,25968600000.0,27348000000.0,33096600000.0,32264200000.0,31580132136.0,32237046458.0,31116994110.0,30655082692.0,30743553350.0,31230141964.0,31185906635.0,High income,23,Standard
Chile,CHL,2432995859.0,2466815495.0,2621454001.0,3178546836.0,3763200000.0,4420000000.0,5220600000.0,6637226648.0,6810300000.0,8586900000.0,9764400000.0,11883000000.0,12064800000.0,11914524129.0,11669037997.0,12394135021.0,14037589935.0,14987502036.0,14195908618.0,High income,55,Standard
China,CHN,23628000000.0,26134000000.0,29535000000.0,34905000000.0,40633000000.0,49225000000.0,63724000000.0,82698000000.0,91111000000.0,108000000000.0,134000000000.0,152000000000.0,170000000000.0,188000000000.0,197000000000.0,200000000000.0,220000000000.0,247000000000.0,254000000000.0,High income,936,Standard
CÃ´te d'Ivoire,CIV,392849021.8,478824168.2,577982686.1,638911372.5,667439218.8,691101443.1,819614930.2,994072457.5,983127968.2,1055033451.0,981199045.7,1085248578.0,1322136130.0,1571110618.0,1506534315.0,1779925980.0,1835286676.0,1778329630.0,1815497898.0,Low income,15,Standard
Cameroon,CMR,230446931.8,319765817.3,450951581.1,504784837.8,549704698.6,518521290.2,653619943.9,707092792.9,790054626.8,806400124.4,852198418.1,793248441.2,887322907.2,967390908.8,851525339.8,891255109.3,949717762.7,1051468354.0,1040586269.0,Low income,16,Standard
"Congo, the Democratic Republic of the",COD,76937527.82,95880005.0,103238083.8,123167613.0,146744485.0,185776226.4,221655454.4,262911987.4,262966633.1,313955080.1,417236178.7,520948976.4,615293718.0,677102825.5,723611593.5,748714526.4,761080575.8,944806215.9,1008611476.0,Low income,69,Standard
Congo,COG,82174422.98,83628637.75,97674997.54,105473036.0,127053038.6,172169235.6,185475068.2,256375226.5,224921915.8,307682527.5,354594813.2,421783255.8,442067924.3,457420174.9,297855573.5,247597858.8,240213273.9,293580669.2,252433644.6,Low income,1,Standard
Colombia,COL,3792458782.0,4048915041.0,3787616800.0,4565200000.0,5822000000.0,6248600000.0,7440000000.0,8283600000.0,8820000000.0,10784043941.0,10464600000.0,11388300000.0,13538448064.0,12839000000.0,9794932348.0,9819719488.0,10776144627.0,12981702698.0,12583490958.0,High income,207,Standard
Comoros,COM,8164774.881,9270773.779,12043021.79,14113994.52,14752998.36,15957016.61,18469227.98,21420867.08,21438338.23,21757692.85,24799048.18,24877982.92,27691821.62,28865496.65,24585752.86,25810346.01,27463086.77,30047726.3,29683625.61,Low income,0,NA
Cape Verde,CPV,27031315.45,30130426.48,43749743.21,56542221.18,52968164.71,53677946.26,69530897.13,88331423.96,78751005.01,78125323.69,89818252.25,84611498.87,91792651.66,91984675.25,81037449.56,83604939.74,89014540.25,100089877.4,101088442.1,Low income,9,Standard
Costa Rica,CRI,730139488.9,659594574.5,671390170.7,709378811.8,816286952.7,988949466.3,1240477816.0,1510376514.0,1843363238.0,2339315767.0,2742056192.0,3135609995.0,3471676576.0,3499721188.0,3762451374.0,3895001184.0,4090069234.0,4115755455.0,4271583169.0,High income,55,Standard
Cyprus,CYP,485686859.1,567554829.6,854007394.8,970945866.0,1032773125.0,1148994398.0,1375151223.0,1654245233.0,1646444228.0,1577703124.0,1680518606.0,1521848987.0,1495130777.0,1450326102.0,1203526787.0,1209368490.0,1206973062.0,1337911817.0,1334514929.0,High income,50,Standard
Czech Republic,CZE,2306443289.0,2931875859.0,3781963405.0,4332000000.0,4807700000.0,5894700000.0,6568200000.0,7969800000.0,7662100000.0,7584900000.0,8482200000.0,7975500000.0,7747088608.0,7364063198.0,9963006698.0,10293693090.0,7604907952.0,8675501790.0,8749335848.0,High income,59,Standard
Germany,DEU,79015099249.0,84034364129.0,101000000000.0,116000000000.0,118000000000.0,125000000000.0,145000000000.0,160000000000.0,161000000000.0,162000000000.0,174000000000.0,169000000000.0,170000000000.0,177000000000.0,152000000000.0,157000000000.0,167000000000.0,181000000000.0,177000000000.0,High income,363,Standard
Djibouti,DJI,43941123.54,48772027.58,54322158.62,60100028.6,57686622.68,61503926.7,68025896.83,80511303.83,83552545.02,89418723.76,97371279.41,107778576.9,157226898.5,170963298.4,187524352.4,196910063.0,204808475.1,223991791.3,252093336.3,Low income,1,Standard
Dominica,DMA,15754833.34,15263296.3,15814746.3,16693348.15,16763801.85,18762375.93,20087961.11,21992640.74,23770925.93,24219259.26,24523888.89,23823333.34,23939444.45,27769629.63,25962777.78,27971481.48,25432962.97,27597037.04,30082450.0,High income,0,NA
Denmark,DNK,12571200000.0,13692800000.0,16675200000.0,19530000000.0,20452200000.0,20820800000.0,23240400000.0,25204200000.0,25790400000.0,25963800000.0,28325700000.0,21548653153.0,27367316212.0,25235822602.0,21793186570.0,22710614837.0,24289079108.0,26295256734.0,25650413926.0,High income,26,Standard
Dominican Republic,DOM,495106213.7,488526090.5,371850328.4,376969745.2,615561670.5,647162748.1,741795731.7,844152504.4,868072698.3,991982789.7,1090435072.0,1165638530.0,1504219782.0,1610606268.0,1718833327.0,1825217542.0,1919770581.0,2062342968.0,2138126057.0,High income,42,Standard
Algeria,DZA,2373810987.0,2436138915.0,2919092269.0,3651129573.0,4382593202.0,5047931028.0,5941370148.0,7594232520.0,6075386016.0,7192184916.0,8845047288.0,9202422936.0,9202422936.0,9336438804.0,7236856872.0,7058169048.0,7504888608.0,7638904476.0,7504888608.0,Low income,91,Standard
Ecuador,ECU,336920898.0,469494344.2,615714754.0,785386801.8,1004196564.0,1259284309.0,1503482029.0,2013698458.0,2210818511.0,2660483912.0,3122713720.0,3402885763.0,3680921473.0,3930000000.0,3831799400.0,3852525513.0,4008600000.0,4126500000.0,4126500000.0,High income,59,Standard
Egypt,EGY,4312145946.0,3760125836.0,3536896154.0,3466075797.0,3941202459.0,4764015648.0,5822685792.0,7234245984.0,8337027384.0,9483920040.0,10145588880.0,12042372888.0,12395262936.0,13145154288.0,14292046944.0,14468491968.0,10189700136.0,10719035208.0,12880486752.0,Low income,57,Standard
Spain,ESP,23707700000.0,26625400000.0,33944400000.0,40492000000.0,43548000000.0,47120000000.0,55440000000.0,64780000000.0,64824000000.0,61740000000.0,64525000000.0,53710000000.0,55305011321.0,55840441808.0,48687392700.0,49631234660.0,52298952264.0,56690467339.0,55892010053.0,High income,75,Standard
Estonia,EST,279831344.9,344751884.3,470646449.6,536566418.4,616360634.0,710028320.2,880034458.0,1238099546.0,997507265.9,1011897567.0,1059458100.0,967336617.7,1053425544.0,1060440631.0,1078554438.0,1153152400.0,1211869939.0,1386553507.0,1420711286.0,High income,16,Standard
Ethiopia,ETH,194685653.0,181674937.5,226348020.9,298002638.6,404965356.9,547204382.6,727734656.2,1034717675.0,1017226180.0,882837017.9,1166927747.0,1573008856.0,1369193180.0,1579024793.0,1977699777.0,2276755204.0,2499076880.0,2579223080.0,2930663015.0,Low income,36,Standard
Finland,FIN,7030500000.0,7770000000.0,9627361118.0,11183800000.0,11577200000.0,11979300000.0,13621000000.0,15504000000.0,15385600000.0,15296400000.0,16615200000.0,17550000000.0,18189687676.0,18233096552.0,14999913067.0,15058497427.0,14762306288.0,16035917027.0,15630677246.0,High income,35,Standard
Fiji,FJI,86649927.17,102177998.1,132780502.2,162772856.3,174820690.2,164109509.5,175848149.8,175093481.4,139159336.7,141157802.7,161343116.0,159996796.2,162481822.5,183181813.3,173952591.6,184236167.0,194996910.4,206515613.6,199555288.9,High income,3,Standard
France,FRA,68320000000.0,74141000000.0,96534000000.0,108000000000.0,110000000000.0,115000000000.0,132000000000.0,145000000000.0,141000000000.0,138000000000.0,146000000000.0,137000000000.0,141000000000.0,144000000000.0,123000000000.0,124000000000.0,130000000000.0,140000000000.0,137000000000.0,High income,232,Standard
"Micronesia, Federated States of",FSM,58130867.81,58306713.57,58878153.19,58380364.63,61111928.27,61927524.59,63124561.12,63885811.13,70120159.79,72660353.53,75814471.53,80954639.95,80977867.09,81437778.63,88809430.13,91443619.36,98427001.92,97397422.91,107359266.8,Low income,0,NA
Gabon,GAB,134442675.3,148545727.0,177393359.3,201252832.9,263919213.8,274389534.9,325112081.8,410244800.4,328529606.8,382024594.1,480763466.7,472983331.0,486263744.8,528041259.8,403574796.8,395807184.5,427963330.3,482102154.0,474640706.1,High income,23,Standard
United Kingdom,GBR,62184478417.0,76644093465.0,92976594281.0,105000000000.0,122000000000.0,128000000000.0,148000000000.0,140000000000.0,119000000000.0,137000000000.0,138000000000.0,141000000000.0,148000000000.0,167000000000.0,159000000000.0,143000000000.0,142000000000.0,152000000000.0,152000000000.0,High income,166,Standard
Georgia,GEO,114419368.1,111880392.3,121517418.5,145056708.3,171035768.0,197323507.0,239762894.5,280369022.6,220285910.9,229355013.8,258395130.0,287161654.3,296955147.2,306190780.4,257228409.9,254150310.6,271875996.8,297704117.4,293908272.5,High income,47,Standard
Ghana,GHA,283772111.1,357182648.2,476671219.1,594798438.5,679266078.7,881582611.2,1083771459.0,1430958657.0,1237997465.0,1481834229.0,3110127133.0,3130078989.0,3566639874.0,2203629881.0,2033900266.0,2290275010.0,2437556104.0,2727802144.0,2781155594.0,Low income,69,Standard
Guinea,GIN,55670095.84,70021628.09,73942873.9,69287554.74,48007686.88,64957374.01,80993389.02,72200866.18,220691343.9,248692333.4,215516608.4,193914483.6,244723633.0,186341827.9,194077341.3,191764254.4,210038417.4,247748978.7,244715749.8,Low income,1,Standard
Gambia,GMB,9293206.762,8247482.499,7469764.657,16048681.48,18107189.33,19525880.25,24998668.69,32106040.19,28300726.55,37229300.74,36787983.65,33812222.38,35801976.23,31933050.01,35780374.72,38749687.02,39277842.07,43663140.76,47409255.62,Low income,2,Standard
Guinea-Bissau,GNB,8003533.637,8351545.593,9137735.557,9790154.943,10324041.38,10039171.51,11289713.09,13206611.79,11992634.4,11678098.76,14381408.44,13726259.19,11902214.36,12670688.03,12456213.38,14021406.27,15694018.48,16860600.97,17052214.41,Low income,0,NA
Equatorial Guinea,GNQ,5582356.12,8213804.305,9242053.638,14814603.01,41730136.95,79395326.09,104507464.7,146368321.2,99388504.07,95784558.59,138192195.6,148442320.6,150038619.8,147963867.4,99450176.98,87099383.27,89835311.17,100269803.8,83299168.24,High income,1,Standard
Grenada,GRD,21123888.56,20103804.09,20269718.06,20022195.83,25015805.55,25118093.06,26909680.56,29372412.5,26558675.0,27417586.11,28008120.83,28709998.61,30488306.94,31074626.39,33002690.28,36173140.28,37652055.56,39483822.23,41082811.13,High income,1,Standard
Guatemala,GTM,371969233.9,439598780.2,497063570.1,577355384.4,695875984.2,813791107.2,955574915.1,1094438967.0,1050043281.0,1141710787.0,1344397942.0,1427927432.0,1469999293.0,1670630207.0,1813044949.0,1895243897.0,2020678260.0,2121770182.0,2332965786.0,High income,15,Standard
Guyana,GUY,47174270.43,51543528.6,45613128.7,40442932.57,62504037.53,110457173.1,94377318.2,99493568.0,98871611.02,116464421.8,115616537.0,119342042.2,122533198.6,121305989.5,125692488.3,130760001.3,138311554.2,138989121.8,149712092.7,High income,7,Standard
Hong Kong,HKG,5693202542.0,5905777458.0,5960173735.0,6363092433.0,6236262045.0,6099221448.0,6298442536.0,6205081715.0,6251859331.0,7019144977.0,7160768727.0,7549434755.0,7975154760.0,8429256098.0,8940120104.0,9337458776.0,10103754784.0,10756525459.0,10813288126.0,High income,11,Standard
Honduras,HND,299941542.4,320784475.1,347984775.4,387782081.6,446690793.9,518836709.0,619629213.5,723071390.5,793409929.7,866323587.3,992326225.9,1052403999.0,1081003128.0,1142054867.0,1228882311.0,1269606162.0,1365393017.0,1393809885.0,1456790514.0,Low income,12,Standard
Croatia,HRV,795433589.3,928908739.6,1254742850.0,1521539634.0,1668291157.0,1871533471.0,2259532566.0,2888807603.0,2520826077.0,2382235922.0,2561318486.0,2385791398.0,2564121291.0,2438487531.0,2041480107.0,1990059789.0,2076042761.0,2298997894.0,2298002764.0,High income,43,Standard
Haiti,HTI,92412819.05,88349037.98,70342721.65,88059034.48,104493914.4,109985281.4,139221881.4,153338570.8,169695033.1,173667610.3,190695186.0,201174027.9,218283122.6,222000968.9,217403011.0,205151485.8,220622744.7,241250236.4,216843316.4,Low income,25,Standard
Hungary,HUN,2379630322.0,3130848871.0,4560913031.0,5192089368.0,5586200000.0,5711600000.0,6812000000.0,7488800000.0,6050000000.0,5733000000.0,6034500000.0,5109480429.0,5428007067.0,5924053673.0,5261997427.0,5510450832.0,5931722778.0,6667775969.0,6884262202.0,High income,41,Standard
Indonesia,IDN,2644968172.0,3625060350.0,4742251112.0,5607451955.0,6743344032.0,9316852697.0,11840400000.0,13333200000.0,17036700000.0,18742500000.0,24824800000.0,27206000000.0,26992500000.0,25874911740.0,27193516875.0,29481432958.0,32128878711.0,33011360629.0,35626121867.0,Low income,582,Standard
India,IND,19047995645.0,19003438197.0,20970305698.0,22676277700.0,25478200000.0,28736400000.0,37268000000.0,36652000000.0,40964000000.0,51128000000.0,55748000000.0,55748000000.0,56364000000.0,62216000000.0,64064000000.0,69300000000.0,80696000000.0,82236000000.0,87472000000.0,Low income,888,Standard
Ireland,IRL,3929051235.0,4729400000.0,6475200000.0,8183000000.0,8838900000.0,9764300000.0,11533500000.0,13509000000.0,13336900000.0,12369000000.0,12939800000.0,12266800000.0,11973162401.0,11847745671.0,10184711528.0,10360543414.0,11136529160.0,12476261991.0,12978661803.0,High income,28,Standard
"Iran, Islamic Republic of",IRN,5080000000.0,5830800000.0,6791400000.0,8626000000.0,10192600000.0,12688200000.0,15724800000.0,15980400000.0,16806400000.0,20015700000.0,21296264907.0,19422027846.0,14630800000.0,12412400000.0,10317963502.0,13490836246.0,16149374949.0,11061560878.0,9641495630.0,Low income,311,Standard
Iraq,IRQ,1652251227.0,1488738946.0,1009507359.0,1687295189.0,2089673756.0,2833354142.0,3945428674.0,6210000000.0,5290000000.0,6440000000.0,8556000000.0,10074000000.0,10764000000.0,10442000000.0,7590000000.0,7590000000.0,8556000000.0,10396000000.0,10764000000.0,High income,109,Standard
Iceland,ISL,482239185.6,616007180.8,783477646.1,905508726.0,1122868931.0,1125491666.0,1389587823.0,1176533552.0,880203058.6,896317316.0,982838857.6,1053984747.0,1137786227.0,1281719745.0,1234479272.0,1475424001.0,1789560107.0,1861221507.0,1839462256.0,High income,7,Standard
Israel,ISR,7950000000.0,7488000000.0,7698200000.0,7682400000.0,7910100000.0,8639400000.0,9540700000.0,11480700000.0,10840200000.0,12305000000.0,13908300000.0,13324566786.0,15613263880.0,16361096833.0,15973408913.0,16919600960.0,19372071964.0,20469639781.0,21731842770.0,High income,38,Standard
Italy,ITA,51272000000.0,52959000000.0,67196000000.0,75060000000.0,74028000000.0,84084000000.0,86632000000.0,100000000000.0,93951000000.0,87756000000.0,89997000000.0,81295269453.0,83858173262.0,83479485535.0,71224626783.0,69186340360.0,77668386718.0,83187967500.0,80033921338.0,High income,86,Standard
Jamaica,JAM,464116670.5,473913305.1,378272076.2,382725661.1,501963501.7,524994642.6,549851333.6,800295455.8,690588549.8,792826021.7,895458230.1,921731627.5,873450728.1,835090054.0,755960058.3,728155614.7,757270966.2,834975907.3,804041989.7,High income,6,Standard
Jordan,JOR,376638943.8,391880815.6,412888478.9,460046324.2,500927776.9,591559230.8,663616203.8,851371033.1,904071892.3,960266197.6,1025720900.0,1076112667.0,1153901234.0,1209746719.0,1243463243.0,1265763265.0,1261585227.0,1148221148.0,1163160261.0,High income,30,Standard
Japan,JPN,132000000000.0,127000000000.0,139000000000.0,150000000000.0,146000000000.0,136000000000.0,137000000000.0,152000000000.0,161000000000.0,180000000000.0,197000000000.0,203000000000.0,166000000000.0,150000000000.0,131000000000.0,139000000000.0,137000000000.0,140000000000.0,143000000000.0,High income,716,Standard
Kazakhstan,KAZ,696146532.2,694560911.1,760205005.1,915768485.4,1213023957.0,1959128965.0,2729212701.0,3114519700.0,3203753395.0,4642719109.0,6291577917.0,7449874974.0,7727894600.0,7155421308.0,4953417995.0,3914629090.0,4401001180.0,4469542866.0,4526479718.0,High income,105,Standard
Kenya,KEN,656047739.1,755517161.8,897571127.4,1011467728.0,1215687558.0,1710161374.0,1972468805.0,2065737291.0,1967168901.0,1944800089.0,2078467401.0,2625885528.0,2844350769.0,3030017914.0,3077920856.0,3594666339.0,3922081797.0,4422957901.0,4819176837.0,Low income,63,Standard
Kyrgyzstan,KGZ,49991158.25,68105096.58,80965552.72,95135499.78,113388675.6,144318368.5,214993391.7,262942639.9,268265404.2,260825877.9,395475040.9,461449723.3,439604954.9,358028388.0,337041257.3,368975487.3,395000653.4,432110649.5,435968938.8,Low income,61,Standard
Cambodia,KHM,65324784.12,69161595.09,75137802.3,85310424.6,99294555.34,114192844.0,135515442.4,167311891.6,173261571.2,172432891.9,193724642.4,219375800.3,312256050.2,317172889.3,339602807.1,376550428.1,416872766.9,459260771.3,511577034.8,Low income,49,Standard
Kiribati,KIR,6656742.529,7055366.183,8310740.644,9114583.394,9700695.611,9429093.373,11546920.76,12525415.2,11147309.86,13945035.47,15424169.09,17567665.72,18574031.4,20625120.06,21485872.94,19396347.1,21858593.0,22385694.51,22898919.21,Low income,0,NA
Saint Kitts and Nevis,KNA,16706546.55,16700204.08,16957531.24,18860334.33,19407277.54,21055252.59,21791077.29,23915620.61,23990118.49,24745416.16,26876892.81,26680236.3,28553626.68,29590727.5,30133501.66,33596568.58,35775549.45,36483074.24,39501693.44,High income,2,Standard
"Korea, Republic of",KOR,16138666667.0,19062500000.0,23450000000.0,28591200000.0,31737600000.0,39165000000.0,43290000000.0,42000000000.0,37020600000.0,46488489176.0,52352428456.0,53019000000.0,62968206910.0,68476959696.0,68189405683.0,70044899715.0,75611381812.0,80250116892.0,77466875844.0,High income,189,Standard
Kuwait,KWT,2100245498.0,2227516288.0,2817956376.0,3068552290.0,3604122740.0,3668500000.0,4051300000.0,5040200000.0,3604700000.0,3987500000.0,5199700000.0,5837700000.0,5965300000.0,5678200000.0,4051300000.0,3891800000.0,4434100000.0,5008300000.0,4912600000.0,High income,5,Standard
Lao People's Democratic Republic,LAO,18525921.41,19987819.95,25211417.91,33133212.55,28033121.73,36114866.31,47384777.56,63274872.14,72322515.38,99572212.01,121495584.4,134869305.3,330972126.6,331699412.9,360220055.7,397943078.4,422553504.6,451948747.6,464465975.2,Low income,1,Standard
Lebanon,LBN,483333159.2,471671957.2,434964265.8,531013843.6,532482912.5,572079134.2,595836337.8,496470174.6,555747350.3,553857088.8,567534910.2,784589432.9,978979188.2,999966222.8,1040129963.0,1062064595.0,1115426999.0,1154204832.0,1078034449.0,Low income,35,Standard
Liberia,LBR,29005661.61,29306895.36,22673313.81,27620467.56,29752507.5,35972396.28,44973716.31,57330240.0,59416436.34,66560756.34,83197480.32,92584970.4,105250788.4,105871063.2,107862970.6,114097557.4,113013974.1,109278625.7,108549550.0,Low income,9,Standard
Saint Lucia,LCA,42936862.43,41225442.78,41958070.31,41792383.75,50032227.69,53057833.83,56304192.51,61600165.72,58933331.85,60492563.69,65555600.23,62540597.41,77282619.65,69891939.78,61753748.87,62893176.42,65217181.96,64643468.91,66352978.95,High income,0,NA
Sri Lanka,LKA,365888495.7,372486882.7,413330933.8,435933796.5,494846776.5,550716571.6,606783496.0,722623460.6,723506110.8,953846379.7,1085971825.0,961254231.5,943193109.5,1230786607.0,1450271103.0,2018292670.0,1957926304.0,1402287844.0,1336860058.0,Low income,16,Standard
Lesotho,LSO,89340118.73,73912536.29,143643447.0,163550337.6,189519948.2,207961890.5,222733698.6,232796393.4,214955841.9,259015189.9,267592820.4,240283316.3,216172778.8,206554143.5,191048286.5,165263750.0,171069337.8,176806563.7,166040152.9,Low income,2,Standard
Lithuania,LTU,700178553.3,804205756.6,917394277.5,1104636413.0,1186020725.0,1318593702.0,1618094279.0,2103087205.0,2006573730.0,1816966963.0,1966641253.0,1787628849.0,1866544253.0,1873616720.0,1533318325.0,1604181592.0,1716919708.0,1946510670.0,1973883567.0,High income,36,Standard
Luxembourg,LUX,738481736.7,780149748.8,953452728.4,1271946830.0,1398055749.0,1416335091.0,1828582093.0,1937444679.0,1478313858.0,1649448792.0,1866904800.0,2029570335.0,2128254537.0,2336786041.0,2039748061.0,2001623381.0,2082370562.0,2239196530.0,2062713297.0,High income,1,Standard
Latvia,LVA,424107562.3,463133046.4,542613071.2,639363007.6,734163178.1,883997986.7,1217381044.0,1619748012.0,1273438919.0,1054060488.0,1222147926.0,1623660824.0,1846817080.0,1358332763.0,1214615238.0,1185476401.0,1176512933.0,1313128971.0,1310855358.0,High income,27,Standard
Macao,MAC,178454825.4,190999676.4,210626285.3,217572376.6,256834075.2,313958503.5,445981631.2,473552806.1,514289091.1,548010922.0,605558833.7,712494674.5,889872804.9,987535296.0,1227892095.0,1284513729.0,1264623031.0,1225471769.0,1224483536.0,High income,8,Standard
Morocco,MAR,2052513418.0,2287194293.0,2774091357.0,3129875230.0,4334483190.0,3549618901.0,4095453047.0,4800165671.0,4764010872.0,4780500879.0,5182349349.0,5006678411.0,5460000000.0,5616000000.0,5160724271.0,5252000000.0,5616000000.0,6032000000.0,6136000000.0,Low income,37,Standard
"Moldova, Republic of",MDA,86715485.53,100724950.7,123331575.1,166611239.9,193538172.1,219821247.0,330541850.9,434186788.0,484371405.3,577499053.4,663594982.8,665399682.3,514610296.8,630296943.8,415739845.0,413255633.8,476395017.2,550626380.3,577536208.2,High income,21,Standard
Madagascar,MDG,123841887.5,120863992.1,146618510.3,122852365.6,153174424.9,149343917.2,258515909.4,280903450.2,250874149.7,256175294.7,292900853.6,302905034.5,250769690.7,254331900.2,227741337.9,237780890.2,266585878.0,278517946.2,282801798.9,Low income,6,Standard
Maldives,MDV,32916717.3,36603406.86,45548823.26,47002101.95,48922377.32,71537480.79,79449942.57,106365634.1,118871397.2,92861215.9,84263522.39,145601036.9,110949388.2,113384608.4,158218440.7,160295211.0,174323899.0,191442152.8,200972327.6,High income,1,Standard
Mexico,MEX,32171900000.0,34838100000.0,36659200000.0,36391200000.0,41661500000.0,45024000000.0,48307000000.0,52102000000.0,45046500000.0,52605000000.0,58464000000.0,59028727324.0,57021415677.0,66417796815.0,59312486980.0,51241461284.0,51145161280.0,53860833560.0,55671281747.0,High income,540,Standard
Marshall Islands,MHL,10423584.15,10907407.35,11544481.54,12276083.53,13647306.62,14486285.53,15998997.06,16534567.82,17242024.22,18517183.16,20635506.01,21313624.75,23448414.71,24976018.38,28114385.05,30770104.07,33038282.66,35076141.62,37715296.5,High income,0,NA
"Macedonia, the former Yugoslav Republic of",MKD,135406976.0,129850921.5,159717886.5,184597092.8,201003642.2,223371807.2,259767147.8,319994354.9,305125723.2,303202938.6,336911611.1,311639041.6,345215330.3,364443771.1,318609472.8,334969201.4,354955018.0,397173686.0,393044662.5,High income,15,Standard
Mali,MLI,105999367.7,107071385.7,141169381.7,184526406.1,212635038.8,239336431.7,282863231.3,319073419.1,341761850.6,388184368.0,556455967.2,517613378.7,509839309.2,615120362.5,479136065.9,418389294.7,564989219.9,629448347.1,633628544.2,Low income,10,Standard
Malta,MLT,164732424.1,184213802.5,235510729.7,278807600.4,318492035.5,367417189.3,465421535.0,494047851.0,450636587.6,560541700.6,739871417.1,652778595.3,682022929.3,751184043.9,481483705.0,504619492.1,553546364.1,641177694.5,655779383.5,High income,6,Standard
Myanmar,MMR,3624000000.0,4774000000.0,6360000000.0,8823624663.0,11793764857.0,16082418707.0,23585580585.0,33436952286.0,39183883711.0,47255173592.0,58167187890.0,1033492709.0,658254019.9,802502446.1,917537754.0,998373712.9,1138724726.0,1158314890.0,1096058868.0,Low income,95,Standard
Mongolia,MNG,78558434.77,95773433.54,87029663.34,81419503.11,102739544.3,141710804.1,175841745.2,233605766.1,189708488.3,288179287.4,398317572.3,638546348.6,621572818.4,576442396.4,490775724.1,498578720.9,425638600.2,514952244.4,544732937.4,Low income,63,Standard
Mozambique,MOZ,141422415.7,156578313.8,211020493.8,282721759.9,348562885.1,343405944.2,412610289.2,518272947.6,525214617.4,502860074.8,684421773.7,815394431.2,910066321.9,942262424.3,842014971.0,628185848.0,690016026.1,782807642.0,811773989.6,Low income,11,Standard
Mauritania,MRT,45759509.15,45272861.14,54619153.02,51231194.42,70214088.98,98823626.25,113991823.2,142544713.4,141564331.5,177363219.3,193653130.0,191544547.8,205973574.9,185779740.4,175412158.2,184072994.4,196381119.2,214357630.9,228347654.3,Low income,4,Standard
Mauritius,MUS,133261119.2,147334893.9,184595691.8,247487753.4,229414929.1,237190197.5,250395085.9,317072653.7,298393458.4,335054176.8,364982348.6,391506289.5,457165797.0,658074506.2,605031993.9,631059811.1,695116271.4,757455938.5,753065254.4,High income,5,Standard
Malawi,MWI,59254261.05,121316009.7,111174049.8,123341802.8,133123790.7,149186995.9,169988030.1,208690827.0,246779051.5,281582571.6,387321629.3,286378981.7,257656499.6,406216846.9,352993702.8,250071806.2,404245779.3,441897054.9,496742670.4,Low income,21,Standard
Malaysia,MYS,4413906000.0,4533450316.0,5626400000.0,6501800000.0,6432150000.0,6130400000.0,6991304608.0,9092573122.0,8731800000.0,12323170545.0,16203682417.0,16137211339.0,19000800000.0,16605027589.0,13907040862.0,13148887899.0,13734554319.0,15010902276.0,14015606254.0,High income,48,Standard
Namibia,NAM,225503785.6,223393397.1,350895865.8,469657095.1,516135673.0,591731199.5,657987951.9,660266635.1,703082355.1,903715217.4,1019087068.0,1080398057.0,1053965064.0,1102709228.0,1009375538.0,937503027.8,1129285695.0,1175245088.0,1087145930.0,High income,3,Standard
Niger,NER,69430362.3,75410835.43,92701331.02,105179408.7,124006505.8,135891441.4,183839345.7,181481448.7,276892757.0,281645332.2,353503658.8,364522211.9,442057977.2,586874119.1,382780232.3,291694018.5,281538297.5,325362861.8,327140608.1,Low income,2,Standard
Nigeria,NGA,594448803.0,758950991.2,826644005.2,1079500000.0,1385500000.0,1963500000.0,2244000000.0,2754000000.0,2380000000.0,2907000000.0,3255500000.0,3689000000.0,4105500000.0,4488000000.0,4029000000.0,3366000000.0,3094000000.0,3221500000.0,3680500000.0,Low income,160,Standard
Nicaragua,NIC,127809235.5,113413874.2,127593931.7,152414335.2,182054388.9,208220902.8,246472132.8,301309976.5,311487794.4,349090059.7,389728092.9,414764501.1,428399979.7,468733896.9,502975939.2,518727267.2,536041201.3,507294629.3,497937539.7,Low income,52,Standard
Netherlands,NLD,17728235393.0,19679254773.0,25439002872.0,29048971882.0,30554728743.0,31932723877.0,35880450624.0,41205403383.0,41419665851.0,40968895490.0,43552820295.0,46488500000.0,42566784780.0,42776777789.0,36254439149.0,38311664456.0,38355464011.0,42291704948.0,41834002514.0,High income,54,Standard
Norway,NOR,10909800000.0,13445600000.0,15502000000.0,17728500000.0,19531200000.0,20310200000.0,24000000000.0,26634000000.0,24754400000.0,26413000000.0,29677000000.0,35003400000.0,34846576983.0,34202860362.0,25628455650.0,25954596593.0,27403542211.0,30057638308.0,27668951820.0,High income,29,Standard
Nepal,NPL,166433632.7,142008336.6,151722701.1,188674064.6,228605206.6,273913924.3,334628249.3,431967529.7,546328063.1,506599802.4,715540706.7,617771563.2,588074016.3,689248817.8,706795145.2,710767679.8,837209260.9,953500476.2,988163474.0,Low income,9,Standard
New Zealand,NZL,3549610851.0,4258161092.0,5673873026.0,6667538194.0,7083400000.0,6562400000.0,8051800000.0,6900300000.0,7470400000.0,9688300000.0,11318300000.0,12455300000.0,13487100000.0,14224100000.0,12676400000.0,13487100000.0,14666300000.0,15108500000.0,15329600000.0,High income,8,Standard
Oman,OMN,660454102.3,755607948.3,793087247.0,872574735.5,979952254.0,1454689201.0,1736585129.0,2577807092.0,2118673032.0,2476140533.0,2948207534.0,3318529904.0,3458398143.0,3622230896.0,3236252128.0,3194187946.0,4380301877.0,4841135939.0,4560384889.0,High income,29,Standard
Pakistan,PAK,1555767008.0,1433789010.0,1508014303.0,1611200000.0,2017800000.0,2619000000.0,2845900000.0,3353200000.0,3034000000.0,2627400000.0,3059500000.0,3708021629.0,4344940556.0,4474532556.0,5176011179.0,5534663217.0,6082047491.0,6264508916.0,5534663217.0,Low income,177,Standard
Panama,PAN,526506572.3,430453637.2,425593826.9,450903751.2,477784078.5,515522811.4,597360259.2,685814869.9,735834219.5,768654648.1,917622280.4,1055360163.0,1195392632.0,1275886202.0,1417942786.0,1505575245.0,1636400624.0,1690742109.0,1749499626.0,High income,22,Standard
Peru,PER,1509849805.0,1457501161.0,1620723213.0,1838462856.0,2054477800.0,2224491162.0,2488906616.0,2878400000.0,3073600000.0,3342800000.0,3688800000.0,4344000000.0,5137900000.0,5932800000.0,5869374033.0,5987101954.0,6795599266.0,6889439379.0,7420307503.0,High income,134,Standard
Philippines,PHL,2049540004.0,2262448407.0,2228392919.0,2038400000.0,2124000000.0,2613200000.0,3196000000.0,3741200000.0,3606400000.0,4268800000.0,4765600000.0,5354400000.0,5832800000.0,6108800000.0,6274400000.0,6513600000.0,6716000000.0,7065600000.0,7636000000.0,Low income,232,Standard
Papua New Guinea,PNG,195377805.5,191381532.7,215951447.6,245568627.0,312404611.3,519614514.7,608923250.2,760848559.1,742717482.6,909587695.4,1122835932.0,1393666534.0,1348371553.0,1573818236.0,1471623937.0,1416514886.0,1538301924.0,1620970461.0,1635801427.0,Low income,6,Standard
Poland,POL,9477825431.0,9939600000.0,10951200000.0,13016900000.0,15892800000.0,16816300000.0,19588000000.0,25361600000.0,20874000000.0,23103700000.0,24432000000.0,23184000000.0,24098295622.0,24804538427.0,21296674797.0,20775769998.0,22459989755.0,25039552935.0,25484305207.0,High income,128,Standard
Puerto Rico,PRI,3888787445.0,3991250808.0,4217133542.0,4617038042.0,4902047787.0,5184826298.0,5450856737.0,5652741278.0,5752141670.0,5830437306.0,5977250508.0,6210464900.0,6307185172.0,5907929036.0,5977014815.0,6009921802.0,5929569329.0,5817074151.0,6076886489.0,High income,33,Standard
Portugal,PRT,6128500000.0,6745200000.0,8329300000.0,9350000000.0,9828000000.0,9987600000.0,11626700000.0,12090400000.0,12909200000.0,12535000000.0,12387400000.0,9572881876.0,11486818127.0,11452952982.0,9260197281.0,9763042259.0,10672932258.0,11661166726.0,11562343279.0,High income,87,Standard
Paraguay,PRY,349092938.4,270526411.4,300343446.1,326185437.3,353308797.3,440352762.9,590164844.5,845457435.2,785830628.9,982642801.2,1576294834.0,1554327423.0,1670018360.0,1603560137.0,1303631711.0,1164297120.0,1267283131.0,1306601854.0,1235929012.0,High income,40,Standard
Qatar,QAT,346418523.3,378856789.0,472843195.2,601414223.8,768307841.1,1105728161.0,1403652818.0,1962000000.0,1704121774.0,2302834558.0,3385437811.0,4046357995.0,4587680736.0,5059564500.0,3918749306.0,3612124313.0,3709519749.0,4272163892.0,4201614686.0,High income,12,Standard
Romania,ROU,1213108101.0,1468472939.0,1829139804.0,2319929542.0,3229936116.0,4023800000.0,5710400000.0,7549500000.0,6450000000.0,5215200000.0,5194700000.0,4720800000.0,5282800000.0,5591900000.0,4945600000.0,5226600000.0,5872900000.0,6659700000.0,6912600000.0,High income,76,Standard
Russian Federation,RUS,10713819138.0,12030143425.0,14802697351.0,20524202936.0,26462346402.0,34145151168.0,45138061781.0,57239858860.0,41965087888.0,52650349155.0,70815118486.0,76176324062.0,79121848347.0,74720821460.0,48381198661.0,45277446189.0,67522579459.0,71494495898.0,71935819947.0,High income,373,Standard
Rwanda,RWA,67226217.47,69332820.9,77240088.9,88285529.11,112521607.3,130772948.5,165274481.5,173732042.1,212985630.9,253724669.4,273634681.0,298885172.9,328867255.8,305932509.8,277988086.2,259714115.5,275370569.6,285539447.4,307522190.1,Low income,26,Standard
Saudi Arabia,SAU,13366307262.0,13725616597.0,15594025139.0,18684085420.0,23786277977.0,27379371327.0,30325707874.0,38014927643.0,31475497746.0,38446098845.0,48937931427.0,53680814649.0,54615018920.0,55549223191.0,48291174624.0,47500694087.0,50231445033.0,57058322398.0,57561355467.0,High income,38,Standard
Sudan,SDN,177798290.3,222144884.2,301149442.8,423844657.1,531230308.7,856360088.3,1180911616.0,1329106048.0,1091918298.0,1194553286.0,1116975378.0,776264574.1,876880687.0,1058798706.0,1102289489.0,910452469.9,863984331.7,635513769.0,534877949.3,Low income,52,Standard
Senegal,SEN,200614045.0,219554276.4,281051718.5,355519346.7,476087458.7,513078209.0,641260866.7,807243252.9,798772138.0,828904848.2,760555746.0,746208050.0,845496164.1,992561153.0,826978031.2,925001376.4,1018167160.0,1123248631.0,1130004544.0,Low income,28,Standard
Singapore,SGP,2319057208.0,2356806763.0,2468588609.0,2803371429.0,3139085714.0,3759642857.0,4560914286.0,4817400000.0,5299200000.0,6967800000.0,7614000000.0,8121600000.0,8031600000.0,8390400000.0,7921200000.0,8252400000.0,8749200000.0,9163200000.0,9108000000.0,High income,8,Standard
Solomon Islands,SLB,18499650.64,16085332.74,17366512.93,20804330.57,25994984.34,29712337.84,34551660.05,48890664.07,67055904.03,79807241.11,97024789.92,112702381.6,128077878.1,131233996.5,127516378.8,132769074.2,144541513.4,154468760.2,154418187.6,Low income,1,Standard
Sierra Leone,SLE,37534464.8,41837064.17,43618124.31,42351456.43,46601087.21,48781100.62,54117378.52,59143113.26,68223216.13,65161632.68,73985801.26,108168038.3,126250698.6,132857693.0,112937932.3,88921419.42,98490283.64,103072679.3,109223798.1,Low income,7,Standard
El Salvador,SLV,320849457.1,345542128.4,355135943.9,366831468.9,392132520.0,429521964.0,465209550.0,600086344.0,618757095.0,565946836.0,619464510.0,725334925.3,764199555.7,806765552.7,859370782.3,860383097.6,855656808.7,875418717.4,911379662.4,Low income,31,Standard
Serbia,SRB,569232556.0,748561069.7,981039288.4,1138141568.0,1201117218.0,1407804478.0,1836142733.0,2359841904.0,2091302084.0,1875208408.0,2121487441.0,1757798063.0,1907081666.0,1813556891.0,1473449180.0,1432067418.0,1555448367.0,1756105227.0,1780760580.0,High income,22,Standard
Sao Tome and Principe,STP,1764207.386,1906624.159,2529019.763,3121619.542,7036649.452,6182253.175,8049736.323,9378667.849,14083972.8,15108805.21,12926947.85,8535741.943,15399663.7,12257435.75,10963262.07,12056423.79,13033091.59,14349912.58,14822191.38,Low income,0,NA
Suriname,SUR,25069862.48,36178085.7,42197790.06,48937520.64,60386571.69,88595574.6,101070203.6,122405678.3,133664618.7,146888716.0,143308281.9,164919129.4,172738661.9,178104808.8,176127601.5,108546237.7,110152297.0,124311874.6,123062031.7,High income,4,Standard
Slovakia,SVK,1138585058.0,1408777486.0,1831460301.0,2216507061.0,2221087662.0,2467999118.0,2933767230.0,3387281101.0,3365842187.0,3294853399.0,3567982608.0,3466197691.0,3735701268.0,3967069435.0,3456945025.0,3322060057.0,3545932286.0,3946985375.0,3909033593.0,High income,32,Standard
Slovenia,SVN,1098600457.0,1219744754.0,1527546925.0,1784928059.0,1868626984.0,2007764747.0,2274793389.0,2575084699.0,2585610025.0,2499723646.0,2662811825.0,2457783711.0,2302293786.0,2309303003.0,1942556346.0,1870609217.0,2157859206.0,2417927965.0,2419146785.0,High income,30,Standard
Sweden,SWE,16014688845.0,17291829956.0,21467408856.0,25890300000.0,25750600000.0,25866400000.0,28842000000.0,31356000000.0,28473900000.0,31099900000.0,35277200000.0,40002000000.0,42414214502.0,41827305253.0,35679616508.0,37395037053.0,39233653311.0,40374995953.0,39162319396.0,High income,39,Standard
Swaziland,SWZ,81582641.87,74932655.05,118129914.4,181610880.4,223033784.0,222780855.5,239940200.2,227920317.2,269757826.6,356528662.9,417949722.5,388716904.3,342208840.8,298659987.0,275243441.7,254594686.7,289636997.7,306366886.8,285048099.3,Low income,6,Standard
Seychelles,SYC,31723145.24,33112176.09,35455030.6,42070047.19,42389330.19,42816258.63,38819099.95,34635530.37,29796037.86,33278168.01,33082343.11,27475996.84,39290517.5,50763499.13,55415214.58,59775902.81,64043587.56,68568140.14,69122307.37,High income,1,Standard
Chad,TCD,32415264.31,39901816.0,50257411.18,42489384.36,56806403.05,71648077.39,96483628.89,125421884.2,140679033.7,152623510.6,192069277.0,213066961.3,218268973.5,235470842.7,187479673.6,175000782.3,174255900.3,195540344.1,196705302.1,Low income,9,Standard
Togo,TGO,56523816.43,60993642.09,80345572.11,79036193.11,76147541.9,75891173.77,95026370.28,124401218.6,152214374.3,154630988.3,197511356.9,187757328.0,221257769.4,243996494.9,208206850.3,216971803.9,228587245.3,254696741.3,258660208.3,Low income,4,Standard
Thailand,THA,5604300000.0,6013428571.0,6513685714.0,7090285714.0,7480471429.0,8492742857.0,9662885714.0,10228400000.0,11043200000.0,11571644825.0,16758903939.0,17169136708.0,16460956202.0,14294969326.0,14109801329.0,14591238120.0,16146649290.0,17850194857.0,19405606027.0,High income,123,Standard
Tajikistan,TJK,25820741.99,33039773.09,36234011.15,53292198.91,85135884.99,113392386.9,158600593.7,228071850.7,208764986.1,249747481.9,304387343.9,355368406.3,403807755.8,408992863.1,353457619.7,291544716.8,311583022.3,324333548.0,347441493.8,Low income,27,Standard
Timor-Leste,TLS,9240458.729,11089204.65,9665729.898,9945243.784,12337117.68,18995304.42,28752989.0,47647509.22,73295722.07,89776578.64,95934153.16,70223169.07,73051223.26,105733715.9,88470438.69,70666779.56,72496758.36,71713647.94,86518269.52,Low income,8,Standard
Tonga,TON,5892706.723,5454591.93,5951360.482,6826165.244,7652014.786,8714091.866,8883298.563,10261535.78,9439480.29,11098140.95,12497583.07,14197992.74,13534972.6,12982090.67,12936578.04,12387415.32,14024200.78,15204315.98,16222383.04,High income,0,NA
Trinidad and Tobago,TTO,248567197.1,295085190.5,304924866.3,369741386.0,435932406.7,499757723.6,593309935.3,764670956.9,521050371.9,604951468.7,648997611.4,673680705.1,737638528.9,743120460.1,704029811.1,633806963.4,647357983.2,660399186.1,661087092.1,High income,7,Standard
Tunisia,TUN,1182276952.0,1183547879.0,1572579651.0,1776629916.0,1818247094.0,1967761082.0,2211324103.0,2537570327.0,2496510968.0,2586552686.0,2702591827.0,2678995029.0,2750733057.0,2865479119.0,2621992467.0,2547450968.0,2415132859.0,2431185352.0,2365174441.0,Low income,70,Standard
Turkey,TUR,5181100000.0,5804564861.0,7673040383.0,11525800000.0,13777500000.0,14546400000.0,19251687019.0,23379873173.0,21033880295.0,26860734844.0,30788234075.0,34196217377.0,36302991571.0,35507370698.0,32474593907.0,32702485794.0,32208720039.0,29132179563.0,28410521921.0,High income,174,Standard
"Tanzania, United Republic of",TZA,358043245.2,411973554.8,475938925.2,559165704.3,608082077.4,681734809.0,780522914.2,1074685009.0,1073629856.0,1172587039.0,1268623925.0,1457553040.0,1677559732.0,1832923842.0,1733644471.0,1815177907.0,1943576493.0,2096652749.0,2309184975.0,Low income,32,Standard
Uganda,UGA,162339068.0,192148046.0,225758844.9,293541619.6,322814955.6,330783717.5,373567772.9,425348762.7,692256482.1,550851729.4,686012556.8,641498179.6,565475708.3,546038041.5,544215587.5,491655406.1,514426242.5,548351685.5,590103382.1,Low income,47,Standard
Ukraine,UKR,1590465036.0,1913556859.0,2427783647.0,3353026817.0,4717615670.0,6211600000.0,8364542448.0,10539461349.0,6844303835.0,8135644308.0,9680308948.0,11424071109.0,11893614805.0,7697861972.0,4918551983.0,4283572907.0,5599669928.0,6483828338.0,7662706218.0,Low income,185,Standard
Uruguay,URY,461823649.4,292026543.9,230997354.3,300329879.1,449098486.0,531550850.7,705406704.6,997498788.9,1130172896.0,1549438130.0,1992236398.0,2072016173.0,2418594769.0,2413240828.0,2328454347.0,2405563728.0,2780416369.0,2898331131.0,2774958631.0,High income,16,Standard
United States,USA,508000000000.0,529000000000.0,566000000000.0,576000000000.0,587000000000.0,661000000000.0,673000000000.0,693000000000.0,679000000000.0,736000000000.0,803000000000.0,752000000000.0,758000000000.0,791000000000.0,822000000000.0,835000000000.0,875000000000.0,919000000000.0,954000000000.0,High income,1760,Standard
Uzbekistan,UZB,1049638098.0,894613921.2,939206386.0,1123183332.0,1339017243.0,1616381267.0,2178919625.0,2931625334.0,3242376915.0,4745545952.0,5747954159.0,6403940001.0,6975025295.0,7683583006.0,8214441509.0,8155198782.0,5933683644.0,5075561919.0,5685280670.0,Low income,76,Standard
Saint Vincent and the Grenadines,VCT,27749702.04,33498887.93,34210688.23,36436794.22,23659184.3,30430394.87,38815118.62,39215390.12,38401591.2,34641904.29,34343631.95,35686276.56,37155564.12,36138947.08,38175420.65,39836902.29,40834661.66,41934039.96,42372335.15,High income,0,NA
Viet Nam,VNM,995276706.4,1095983813.0,1272115037.0,1497420088.0,1951928121.0,2299784964.0,2732882347.0,3580815984.0,3852095928.0,6003200000.0,5033621094.0,6879963349.0,7549002194.0,8147398709.0,8331520714.0,8791825726.0,9528313745.0,10540984771.0,11277472790.0,Low income,73,Standard
Vanuatu,VUT,13686578.4,13625773.42,16397185.8,19050301.39,20434652.47,23376945.02,27595720.32,33251029.81,28637859.35,32142277.83,36669643.4,33838071.4,35431805.96,36677873.31,34268121.42,36211464.08,39420821.53,42078582.03,45067107.51,Low income,0,NA
South Africa,ZAF,6771600000.0,6463800000.0,9369600000.0,12524900000.0,14143200000.0,14950000000.0,15730100000.0,14950900000.0,16828300000.0,22699500000.0,26328300000.0,26500000000.0,23195894205.0,22208400000.0,19103820358.0,16697175002.0,20273193628.0,21727340738.0,21999656703.0,High income,25,Standard
Zambia,ZMB,79250353.4,89540727.57,114794111.3,151964443.0,143222638.2,169189273.9,132631802.8,234423898.8,265300731.1,404342233.8,557291999.8,716651608.1,865315382.5,951322255.2,820557580.0,723867179.6,881228962.6,923211186.5,816270183.5,Low income,50,Standard
Zimbabwe,ZWE,362783105.4,316604644.2,264420107.3,242303020.4,217850760.2,182765367.1,155224061.4,108681946.5,221452462.2,227127907.9,264642063.1,321351609.6,359092959.4,365855364.0,374302743.9,384929878.9,329967129.0,340174575.2,360925466.0,Low income,18,Standard
