Country_Name,Country_Code,2001,2002,2003,2004,2005,2006,2007,2008,2009,2010,2011,2012,2013,2014,2015,2016,2017,2018,2019,Income_Group
Aruba,ABW,1346368715.0,1266480447.0,1282122905.0,1458100559.0,1606703911.0,1595530726.0,1741899441.0,1863128492.0,1606703911.0,1477653631.0,1839664804.0,1911731844.0,2088268156.0,2184357542.0,2158659218.0,2143016760.0,2243575419.0,2363128492.0,2468715084.0,High income
Angola,AGO,6736804052.0,8725781182.0,9676099740.0,13749769575.0,24225663184.0,33245105956.0,44319695565.0,64168383680.0,41310593206.0,50280452511.0,66395086179.0,69924133110.0,67697421588.0,61341433064.0,25951749083.0,14017382489.0,20004930763.0,31767750477.0,28271707171.0,Lower middle income
Albania,ALB,836717875.5,910729685.0,1169850311.0,1596261929.0,1853022971.0,2242665086.0,3016116154.0,3259293924.0,3040048285.0,3337085649.0,3769457698.0,3565049425.0,3694412184.0,3732057452.0,3104896965.0,3437126528.0,4110290932.0,4785177777.0,4821430704.0,Upper middle income
United Arab Emirates,ARE,50787202178.0,54362695711.0,69538461538.0,93968596324.0,122071000000.0,152434000000.0,186690000000.0,248808000000.0,201959000000.0,238328000000.0,315868000000.0,375514000000.0,392245000000.0,401367000000.0,361253000000.0,360626000000.0,384044000000.0,392863000000.0,404046000000.0,High income
Argentina,ARG,31112418400.0,27736610298.0,33084505278.0,39266996606.0,46198180131.0,53550250227.0,65162321195.0,79762958392.0,65133480388.0,80208867996.0,97810932629.0,88655850854.0,80690471898.0,75818867911.0,63671789069.0,69842486096.0,72860588696.0,75766577039.0,80130495417.0,Upper middle income
Armenia,ARM,511522177.8,661384145.8,855676348.1,1008274440.0,1338475058.0,1413899467.0,1674567081.0,1663675191.0,1268730217.0,1828759529.0,2284326830.0,2926876973.0,3153323144.0,3315721204.0,3137020909.0,3558717363.0,4405338828.0,4907543854.0,5631686118.0,Upper middle income
Antigua and Barbuda,ATG,777222222.2,746740740.7,807407407.4,931925925.9,951629629.6,956703703.7,1014518519.0,1091444444.0,980185185.2,914222222.2,938518518.5,948148148.1,952148148.1,1027296296.0,1016370370.0,1043111111.0,994427259.3,1036233333.0,1196203185.0,High income
Australia,AUS,84096812279.0,82035370448.0,89138031450.0,105491000000.0,126790000000.0,148587000000.0,172570000000.0,212786000000.0,213711000000.0,227417000000.0,299782000000.0,332572000000.0,315051000000.0,309599000000.0,271043000000.0,232527000000.0,281635000000.0,312415000000.0,336431000000.0,High income
Austria,AUT,88123586542.0,97162437618.0,116896000000.0,141285000000.0,153683000000.0,170970000000.0,204559000000.0,230063000000.0,181625000000.0,201089000000.0,232888000000.0,220969000000.0,229900000000.0,236281000000.0,202785000000.0,207444000000.0,225534000000.0,252348000000.0,246724000000.0,High income
Azerbaijan,AZE,2368624503.0,2666940959.0,3056715202.0,4235066653.0,8337000212.0,13954555630.0,22516839529.0,32133276534.0,22870241354.0,28732245203.0,37214511840.0,36914842159.0,35907329509.0,32560882315.0,20059340230.0,17580998935.0,19839356263.0,25484470588.0,23629764706.0,Upper middle income
Burundi,BDI,45410971.28,38676369.53,50072047.44,63635537.87,69261008.83,92956376.48,92221558.66,169242773.9,117576041.0,197117152.2,196752242.7,226243003.8,222979905.7,235295486.8,199192403.2,168508047.4,163460227.2,151245433.6,133504138.4,Low income
Belgium,BEL,169539000000.0,183016000000.0,219593000000.0,261796000000.0,286520000000.0,313564000000.0,368741000000.0,418418000000.0,332643000000.0,365158000000.0,422314000000.0,398929000000.0,413907000000.0,427247000000.0,359721000000.0,378135000000.0,418212000000.0,451112000000.0,439941000000.0,High income
Benin,BEN,728426326.7,827401688.6,997331624.5,1146038721.0,1213941612.0,1270214657.0,1800691404.0,2167075121.0,1940710358.0,2199999216.0,2229520361.0,2662421231.0,3451240834.0,4175439095.0,2815204774.0,3263416681.0,3455560720.0,3889961780.0,4264332621.0,Lower middle income
Burkina Faso,BFA,288539798.4,321134590.1,437119306.3,593230283.6,604914662.3,717391887.0,789151176.8,959257187.2,1303153902.0,2074074147.0,3164494170.0,3340989789.0,3640311464.0,3755133897.0,3089098203.0,3325889934.0,3731626622.0,4461756443.0,4467779365.0,Low income
Bangladesh,BGD,7227575982.0,6791241511.0,6876856649.0,7257329710.0,9994813008.0,11744907683.0,13530306979.0,16181037750.0,17359874074.0,18472449276.0,25627346571.0,26886637936.0,29304945498.0,32830360072.0,33820154153.0,36924080441.0,37658602120.0,40734109733.0,45993821195.0,Lower middle income
Bulgaria,BGR,4947390946.0,5519115551.0,7277457148.0,10713394070.0,12703276793.0,16150904893.0,23262813856.0,28590551193.0,21963725741.0,25395582781.0,33916506221.0,32772597898.0,36043133822.0,36875485687.0,32398958286.0,34460613688.0,39660430424.0,43598091732.0,44060618775.0,Upper middle income
Bahrain,BHR,6607446809.0,6956117021.0,7980851064.0,10336702128.0,13396808511.0,15662234043.0,17314361702.0,21231382979.0,15704787234.0,17880319149.0,28609308511.0,31409042553.0,34102925532.0,32069148936.0,25805319149.0,23918617021.0,26881914894.0,29959042553.0,29564361702.0,High income
"Bahamas, The",BHS,2834100000.0,3212800000.0,3176400000.0,3460500000.0,3812500000.0,3895000000.0,4257100000.0,4157100000.0,3412900000.0,3528800000.0,3769900000.0,4087400000.0,4202800000.0,4214500000.0,4389400000.0,3936500000.0,3963000000.0,4573700000.0,4708300000.0,High income
Bosnia and Herzegovina,BIH,1280156708.0,1286945621.0,1749682458.0,2289130984.0,2729020792.0,3378033930.0,4276291393.0,5131401438.0,4405111087.0,5100738268.0,5973018480.0,5571149012.0,6131899769.0,6308673474.0,5763281877.0,6146950592.0,7389376199.0,8597468477.0,8195701122.0,Upper middle income
Belarus,BLR,8246546763.0,9285958124.0,11615943442.0,15711851852.0,18063463324.0,22195244755.0,27593429637.0,37027902622.0,24865449338.0,29396844579.0,48458472362.0,51744692335.0,44058175676.0,43301115023.0,32749824187.0,29831121834.0,36551674171.0,42295053004.0,41927191892.0,Upper middle income
Belize,BLZ,443500000.0,490150000.0,526750000.0,534850000.0,609050000.0,744250000.0,788450000.0,853650000.0,690200000.0,813300000.0,914750000.0,981550000.0,1032300000.0,1036200000.0,1013850000.0,933750000.0,1009700000.0,1079750000.0,1160350000.0,Upper middle income
Bolivia,BOL,1626040094.0,1710308633.0,2069144754.0,2731911668.0,3394519867.0,4783642081.0,5483666739.0,7487864941.0,6194300356.0,8093183277.0,10565709255.0,12774727337.0,13518462721.0,14285068712.0,10186598886.0,8311504863.0,9341206397.0,10470274255.0,10210442518.0,Lower middle income
Brazil,BRA,69279563683.0,72546876208.0,84744254238.0,110739000000.0,135919000000.0,159214000000.0,186203000000.0,229517000000.0,180892000000.0,240003000000.0,303017000000.0,292808000000.0,290364000000.0,270458000000.0,232489000000.0,223863000000.0,258331000000.0,280543000000.0,264563000000.0,Upper middle income
Barbados,BRB,1251500000.0,1211100000.0,1378750000.0,1435900000.0,1711700000.0,1938700000.0,2043900000.0,2090350000.0,1904950000.0,1763300000.0,1766750000.0,1811200000.0,1914200000.0,1879250000.0,1892295040.0,1765692233.0,1781072138.0,1810777594.0,1942393950.0,High income
Brunei Darussalam,BRN,3894175364.0,3922149447.0,4543527035.0,5416090226.0,6688037371.0,8227327082.0,8310397452.0,11269686706.0,7811357074.0,9239791713.0,12876222275.0,13364276569.0,12311381074.0,11657150750.0,6751036439.0,5652190835.0,6012294735.0,7045834309.0,7804997288.0,High income
Bhutan,BTN,125216999.4,128202190.9,158797507.5,218024620.5,313215333.3,488540499.3,657474450.1,613943620.5,565371973.7,673077343.6,750024105.2,706230865.4,727604108.0,714242710.5,689952056.0,639422224.5,737147921.7,754068095.2,860578270.8,Lower middle income
Botswana,BWA,2671112100.0,2836767913.0,3667669549.0,4444139019.0,5249438114.0,5297497556.0,5963543364.0,4999047884.0,3573059776.0,5579516015.0,7668392267.0,7082259014.0,9167950565.0,9480509353.0,7183591667.0,8236799618.0,6912354794.0,7532892157.0,6203255887.0,Upper middle income
Central African Republic,CAF,160016888.5,158999419.0,208312702.5,178103975.5,178779525.7,209279918.9,239933929.6,219347920.0,203464465.5,249093411.1,320054001.2,289922972.3,253274147.2,315975075.2,289437776.7,270502000.0,357682917.1,354024715.4,349974476.7,Low income
Canada,CAN,310668000000.0,304706000000.0,330150000000.0,383241000000.0,432369000000.0,467052000000.0,502771000000.0,534151000000.0,391986000000.0,471737000000.0,550164000000.0,554965000000.0,560109000000.0,573083000000.0,495747000000.0,481358000000.0,518767000000.0,556939000000.0,555851000000.0,High income
Switzerland,CHE,143764000000.0,150068000000.0,172631000000.0,207103000000.0,225230000000.0,250102000000.0,302274000000.0,358529000000.0,321646000000.0,388603000000.0,475818000000.0,466527000000.0,508771000000.0,468616000000.0,438119000000.0,456827000000.0,458473000000.0,486601000000.0,479540000000.0,High income
Chile,CHL,22776267089.0,22675178339.0,26824302168.0,39320335104.0,49140735174.0,67482975919.0,77878712906.0,73954057560.0,63620890216.0,82291626068.0,94686096591.0,90427251746.0,88959111212.0,85613841161.0,70787389826.0,69612075674.0,78297990798.0,84275554762.0,77541641202.0,High income
China,CHN,272060000000.0,333002000000.0,447958000000.0,607357000000.0,773339000000.0,991731000000.0,1258060000000.0,1497870000000.0,1262660000000.0,1654820000000.0,2006300000000.0,2175080000000.0,2354250000000.0,2462840000000.0,2362090000000.0,2199970000000.0,2424200000000.0,2655590000000.0,2628940000000.0,Upper middle income
Cote d'Ivoire,CIV,4617823320.0,5662064520.0,6107969838.0,7086390961.0,7662724022.0,8302651689.0,8769226066.0,10568913641.0,12000250100.0,11703513652.0,12946046920.0,12699450564.0,12469057451.0,13752705786.0,12532872743.0,11796835872.0,12855832026.0,13134192042.0,13918496154.0,Lower middle income
Cameroon,CMR,2766983704.0,2854249167.0,3104136132.0,3868330460.0,4340055361.0,5055972842.0,6455517217.0,7485407539.0,5469950516.0,6153122434.0,7421774032.0,7200041493.0,7973145800.0,8590854825.0,6760653982.0,6407809849.0,6624480524.0,7489599808.0,7874725001.0,Lower middle income
"Congo, Dem. Rep.",COD,891666666.7,1367800838.0,2145055691.0,2340567899.0,2745153231.0,3136077075.0,6539494271.0,7723022252.0,5000335250.0,8865916412.0,10210736241.0,9027202464.0,11910414647.0,13226085525.0,10458963519.0,12175706332.0,11668171385.0,16081551351.0,13335506552.0,Low income
"Congo, Rep.",COG,2165209455.0,2473412895.0,2831441510.0,3750252270.0,4987839333.0,6253140819.0,6014868758.0,8551335528.0,6269575235.0,9010344987.0,11524199125.0,10276401652.0,9506330382.0,9521187263.0,5080489798.0,4598648630.0,6442159173.0,9709769081.0,9408766649.0,Lower middle income
Colombia,COL,15111975249.0,14513777087.0,15687092170.0,19635451078.0,24713096696.0,28652692001.0,33882152641.0,43859076278.0,38170172499.0,46826832158.0,64565472466.0,69774771037.0,69111202876.0,63397044931.0,45930514341.0,41623750619.0,47235694691.0,53136579306.0,51271147230.0,Upper middle income
Comoros,COM,33446307.77,37638993.56,48323485.23,55994447.58,57775592.89,61714688.82,71414384.22,75279521.67,84304807.13,87519203.27,101862710.8,90876019.44,101000284.3,111239529.3,97918670.09,108098877.2,128229503.8,153462152.2,152645352.9,Lower middle income
Cabo Verde,CPV,167834263.0,202095934.4,255294474.1,295820489.5,367187288.2,500015668.8,545279858.9,660191834.3,531989156.8,543735621.9,662759015.6,704245132.6,749300524.2,750676237.0,717082167.8,735543570.4,812736072.8,962654298.7,1003790837.0,Lower middle income
Costa Rica,CRI,6471720165.0,6502965357.0,7024720849.0,7855095380.0,8710569531.0,9839017111.0,10910386063.0,11953067007.0,10647948764.0,12363101561.0,13886078378.0,14949440014.0,15586345072.0,16313862273.0,16930124512.0,18395633885.0,19826679615.0,21059634129.0,22111572397.0,Upper middle income
Cuba,CUB,4193000000.0,3872000000.0,4649900000.0,6120800000.0,8962900000.0,9138888889.0,11035092593.0,11580000000.0,10036111111.0,13443518519.0,17319000000.0,18659000000.0,18593000000.0,17812000000.0,14941000000.0,13690000000.0,14093000000.0,14530000000.0,12632000000.0,Upper middle income
Cyprus,CYP,7092287796.0,7126828846.0,8402847112.0,9853627500.0,10265955727.0,10726039393.0,12765499589.0,13945071041.0,12641150320.0,12963934774.0,14746191537.0,13816180136.0,14665650153.0,15289807360.0,13909862421.0,14780335400.0,16910634885.0,19160839632.0,19471734020.0,High income
Czechia,CZE,33128639673.0,36991594021.0,46770321529.0,68363528121.0,84772805062.0,101377000000.0,125713000000.0,149080000000.0,121028000000.0,137031000000.0,162581000000.0,157993000000.0,161005000000.0,171579000000.0,151477000000.0,155265000000.0,172776000000.0,191590000000.0,186582000000.0,High income
Germany,DEU,619631000000.0,677432000000.0,820831000000.0,1005100000000.0,1083500000000.0,1240790000000.0,1484060000000.0,1640400000000.0,1300370000000.0,1447080000000.0,1689330000000.0,1633320000000.0,1695840000000.0,1774180000000.0,1575400000000.0,1598670000000.0,1740720000000.0,1881300000000.0,1812900000000.0,High income
Denmark,DNK,75069907723.0,81644271220.0,95609830897.0,110424000000.0,125495000000.0,143508000000.0,164447000000.0,191436000000.0,151388000000.0,162681000000.0,185143000000.0,178723000000.0,188383000000.0,192781000000.0,167736000000.0,167285000000.0,182924000000.0,201829000000.0,205059000000.0,High income
Dominican Republic,DOM,8164561740.0,8337730916.0,9022076949.0,9185102420.0,10136192822.0,10691561562.0,11766035397.0,11504530548.0,10149743213.0,12213199947.0,14035641484.0,14917450220.0,15775319666.0,16896682553.0,16909888522.0,18100528866.0,18945236858.0,20149516088.0,20518119287.0,Upper middle income
Algeria,DZA,20085454899.0,20152501384.0,25957119969.0,34178449805.0,48714922833.0,57121832267.0,63531235749.0,82034752287.0,48533809882.0,61975405318.0,77581299983.0,77123007377.0,69659422390.0,65185667482.0,38460350139.0,33403107185.0,38496751462.0,45233966129.0,39014323824.0,Lower middle income
Ecuador,ECU,5682217000.0,6135846000.0,7329307000.0,8984844000.0,11463499000.0,14196499000.0,16287685000.0,21100364000.0,15785663000.0,19402439000.0,24671849000.0,26522271000.0,27243506000.0,28536122000.0,21107369000.0,19492639000.0,21727767000.0,24314052000.0,24917131000.0,Upper middle income
"Egypt, Arab Rep.",EGY,16900269542.0,15595505618.0,17500000000.0,22240259740.0,27188019967.0,32173913043.0,39457092820.0,53800000000.0,47205081670.0,46751361162.0,48537005164.0,45766666667.0,49085271318.0,43529411765.0,43423180593.0,34392638037.0,37289402174.0,47225661227.0,53041002278.0,Lower middle income
Spain,ESP,174924000000.0,188203000000.0,232580000000.0,271668000000.0,288190000000.0,318141000000.0,383016000000.0,418148000000.0,343959000000.0,369061000000.0,437327000000.0,416702000000.0,446690000000.0,459121000000.0,402039000000.0,417712000000.0,461350000000.0,499658000000.0,486934000000.0,High income
Estonia,EST,3831095694.0,4270175191.0,5644211834.0,7418642236.0,9230780997.0,10769819345.0,14052834656.0,16160988721.0,11949522089.0,14652236229.0,20104199024.0,19844301075.0,21239933055.0,21804108132.0,17725575722.0,18537893089.0,20411337064.0,22705286492.0,22988200837.0,High income
Finland,FIN,51507654130.0,54947289188.0,64062137649.0,76257431519.0,82514287315.0,93509466784.0,112360000000.0,128287000000.0,91464252097.0,95814846367.0,107211000000.0,100238000000.0,103166000000.0,100274000000.0,83041492299.0,83813596801.0,95994657971.0,106062000000.0,107086000000.0,High income
Fiji,FJI,1007247650.0,1132973616.0,1386485916.0,1467801500.0,1611472501.0,1540665434.0,1641930075.0,1877284244.0,1338016567.0,1803732471.0,2237553870.0,2427398179.0,2383095634.0,2541856522.0,2286803966.0,2299776340.0,2461725725.0,2674207675.0,2645442464.0,Upper middle income
France,FRA,389407000000.0,413354000000.0,481647000000.0,561042000000.0,593901000000.0,648243000000.0,741061000000.0,823983000000.0,670780000000.0,708601000000.0,814316000000.0,783713000000.0,825700000000.0,847270000000.0,746212000000.0,748011000000.0,803164000000.0,885115000000.0,862106000000.0,High income
Faroe Islands,FRO,598272216.1,625609586.2,702506185.8,753734706.5,739882272.5,843377951.2,985432702.0,1144720582.0,1002424966.0,1089489874.0,1313874867.0,1275718602.0,1491480156.0,1556489978.0,1369743902.0,1534263262.0,1679701343.0,1684160517.0,1821708100.0,High income
"Micronesia, Fed. Sts.",FSM,46366000.0,43854000.0,46055200.0,37304000.0,41837100.0,45844200.0,57728200.0,61367200.0,61304000.0,70347100.0,76935900.0,97807400.0,96425000.0,101619000.0,85658000.0,91885300.0,109856900.0,142584400.0,129700000.0,Lower middle income
Gabon,GAB,2726388955.0,2806922227.0,3381594744.0,4276663165.0,5750501083.0,6255614197.0,7289977701.0,9685334717.0,6319926945.0,8287738444.0,11243840799.0,10465457223.0,10092463252.0,8104569006.0,6620833366.0,6175468939.0,7498597594.0,9158801772.0,8678688024.0,Upper middle income
United Kingdom,GBR,415743000000.0,433429000000.0,492255000000.0,576964000000.0,637665000000.0,741054000000.0,787135000000.0,795838000000.0,639204000000.0,702243000000.0,821561000000.0,814031000000.0,834649000000.0,867797000000.0,803738000000.0,768410000000.0,810938000000.0,884927000000.0,892532000000.0,High income
Georgia,GEO,787530921.4,992546704.9,1255487720.0,1595471619.0,2132178518.0,2514996630.0,3135109249.0,3616313389.0,3181083508.0,4034786512.0,5240438779.0,6020953188.0,7171816761.0,7039247890.0,6110518662.0,6177800313.0,7557441721.0,8896744920.0,9577029902.0,Upper middle income
Ghana,GHA,2404094095.0,2627858783.0,3104789917.0,3490673152.0,3916349978.0,5149494044.0,6089051469.0,7178123444.0,7629976940.0,9490699301.0,14529869986.0,16656634665.0,15982674473.0,15466239764.0,16715084477.0,17519736892.0,20463794483.0,22514904281.0,25592134166.0,Lower middle income
Guinea,GIN,808614959.8,781148010.1,894584026.2,895267017.4,1021679596.0,1005390516.0,1479451798.0,1507080732.0,1512364200.0,2079424662.0,2212106789.0,2531048966.0,2217341673.0,2342843821.0,1890478301.0,2524762066.0,4611027662.0,4767367515.0,4048859527.0,Low income
"Gambia, The",GMB,149998087.6,157033783.9,151438811.1,198101238.4,204546568.0,221729727.0,230768612.3,226068383.8,228340664.5,226367271.2,237666106.6,280761041.4,261079084.8,268476026.2,270072130.7,236219097.4,252666151.7,362977085.0,341709153.6,Low income
Guinea-Bissau,GNB,83214529.48,74507966.69,89188363.32,98218239.54,94803610.53,76111090.27,140713510.1,172333993.3,156473342.0,126683553.1,282367523.2,153091833.4,190986184.2,213171025.5,288714347.2,312531977.4,374997825.7,380311738.4,292073122.7,Low income
Greece,GRC,31063176225.0,31087273728.0,37528698366.0,49899010821.0,52827781598.0,57920808886.0,71817777404.0,83145854167.0,62889598470.0,64767602721.0,72135028425.0,69565465933.0,72167340436.0,76489983017.0,62867562248.0,60431141889.0,70013677526.0,82684241851.0,82328771663.0,High income
Guatemala,GTM,5275584493.0,5463975082.0,5648926180.0,6464752709.0,6817724662.0,7537173335.0,8721105939.0,9673843690.0,9046785508.0,10667583174.0,12688288797.0,12530952104.0,11658261379.0,12579635809.0,12331463396.0,12387114041.0,13252465330.0,13323208187.0,13593357803.0,Upper middle income
"Hong Kong SAR, China",HKG,207976000000.0,219709000000.0,243329000000.0,283709000000.0,322201000000.0,358400000000.0,394444000000.0,424120000000.0,381292000000.0,469445000000.0,528967000000.0,566885000000.0,610972000000.0,621072000000.0,606075000000.0,600021000000.0,644673000000.0,681283000000.0,644985000000.0,High income
Honduras,HND,3931303629.0,4143693231.0,4452148105.0,5181716338.0,5757220308.0,6119755282.0,6614386799.0,7124821464.0,5766473848.0,7247910834.0,9077897775.0,9431576950.0,8869036740.0,9396713235.0,9475880830.0,9276487848.0,9970294332.0,9977253616.0,10015545627.0,Lower middle income
Croatia,HRV,8631397032.0,9710014690.0,12448198976.0,15347685911.0,16669918689.0,19123850275.0,22761205421.0,25575432906.0,20447389403.0,21635541493.0,24236617604.0,22335640413.0,23470755730.0,24953875401.0,22969269548.0,24577490680.0,27687534826.0,30819144355.0,31588377224.0,High income
Haiti,HTI,445213583.4,421180249.1,469754618.8,518490700.0,605069774.8,689103494.4,779201474.3,917202249.5,1034003272.0,1016377476.0,1323610001.0,1323609690.0,1566906102.0,1662116687.0,1747794244.0,1613347566.0,1664384136.0,1779807736.0,1732030797.0,Lower middle income
Hungary,HUN,34871552860.0,39305779458.0,48053312719.0,62016712553.0,70774176093.0,85375664243.0,109093000000.0,125364000000.0,97285176511.0,107204000000.0,122181000000.0,110625000000.0,115889000000.0,122874000000.0,109561000000.0,111125000000.0,122961000000.0,134482000000.0,133725000000.0,High income
Indonesia,IDN,62625875834.0,63956798805.0,71553141045.0,82744351781.0,97387627235.0,113143000000.0,127226000000.0,152090000000.0,130358000000.0,183481000000.0,235095000000.0,225744000000.0,218308000000.0,210820000000.0,182158000000.0,177886000000.0,204924000000.0,218906000000.0,208058000000.0,Lower middle income
India,IND,60963525504.0,73452725999.0,90838365704.0,126648000000.0,160838000000.0,199974000000.0,253077000000.0,288902000000.0,273752000000.0,375353000000.0,447384000000.0,448401000000.0,472180000000.0,468346000000.0,416788000000.0,439643000000.0,498259000000.0,538635000000.0,529245000000.0,Lower middle income
Ireland,IRL,104125000000.0,116314000000.0,133121000000.0,156422000000.0,168501000000.0,183503000000.0,218323000000.0,232294000000.0,221207000000.0,229079000000.0,246798000000.0,235133000000.0,247354000000.0,284764000000.0,355671000000.0,363325000000.0,406295000000.0,473564000000.0,510589000000.0,High income
"Iran, Islamic Rep.",IRN,24491811634.0,31402849783.0,37814191933.0,48018138115.0,68684788609.0,79540915796.0,100918000000.0,109587000000.0,94569965269.0,118779000000.0,156116000000.0,144749000000.0,124095000000.0,105108000000.0,76420864825.0,96911018213.0,110639000000.0,100018000000.0,66167753716.0,Lower middle income
Iraq,IRQ,23613582831.0,23237627426.0,16965698493.0,20610853097.0,27149419158.0,33242283055.0,40776065461.0,66239316547.0,43993210285.0,54598900000.0,82505400000.0,97029493670.0,93065600000.0,88949000000.0,57560660439.0,46829500000.0,63496860304.0,92771934475.0,88902900000.0,Upper middle income
Iceland,ISL,3042019192.0,3309446650.0,3728493371.0,4480777642.0,5116287715.0,5310428256.0,7110704785.0,7284145795.0,6408804967.0,7115708401.0,8302715852.0,8102421430.0,8586232154.0,9205258379.0,9047940783.0,9873435455.0,11308798727.0,12248092314.0,11012617626.0,High income
Israel,ISR,40928026250.0,39832200599.0,43969829385.0,52997322624.0,58113510261.0,62832039140.0,72419366617.0,83148272018.0,68878518933.0,81346358293.0,92517058963.0,92744100164.0,98887814425.0,100066000000.0,94471763646.0,96299070450.0,104614000000.0,112085000000.0,117444000000.0,High income
Italy,ITA,299586000000.0,311627000000.0,367620000000.0,433748000000.0,457142000000.0,510266000000.0,605528000000.0,647032000000.0,492766000000.0,535607000000.0,616722000000.0,592263000000.0,613302000000.0,629336000000.0,545775000000.0,550506000000.0,602933000000.0,655895000000.0,635620000000.0,High income
Jamaica,JAM,3270023893.0,3184139921.0,3452734543.0,3819978692.0,3966076168.0,4787759777.0,5085110749.0,5750176617.0,4179085968.0,4142696749.0,4386641597.0,4469328382.0,4361405966.0,4344149025.0,4245565950.0,4478412407.0,5132360928.0,6066399475.0,6021403909.0,Upper middle income
Jordan,JOR,3781805360.0,4544146685.0,4829901269.0,5955712271.0,6634978843.0,8111847673.0,9279830748.0,12699732281.0,11060563380.0,12752112676.0,13743661972.0,14307042254.0,14228169014.0,15525352113.0,14101408451.0,13721126761.0,14300140845.0,15092676056.0,16170140845.0,Upper middle income
Japan,JPN,440831000000.0,454067000000.0,518204000000.0,625647000000.0,667510000000.0,720500000000.0,791799000000.0,880164000000.0,656932000000.0,859167000000.0,920914000000.0,904147000000.0,822722000000.0,852991000000.0,775052000000.0,803489000000.0,867405000000.0,923235000000.0,893782000000.0,High income
Kazakhstan,KAZ,10166983108.0,11576893016.0,14928759198.0,22654791782.0,30386570590.0,41291971411.0,51704436894.0,76257057404.0,48243324766.0,65502334498.0,89503257382.0,91747467851.0,91381254223.0,87108779034.0,52581510795.0,43714755378.0,54041331162.0,67477064790.0,66197683955.0,Upper middle income
Kenya,KEN,2977896210.0,3273521678.0,3590023638.0,4283010819.0,5341992930.0,5935981293.0,7004914020.0,8138887724.0,7950667080.0,9137583740.0,10100122958.0,11203176166.0,10972691352.0,11248581132.0,10608330745.0,9912812647.0,10448620987.0,11564072038.0,11471390332.0,Lower middle income
Kyrgyz Republic,KGZ,560092477.0,635535283.3,742293893.7,941138691.6,942411696.1,1182432651.0,2012051034.0,2752393738.0,2565386525.0,2471698688.0,3380167259.0,2932959610.0,3099060450.0,2796701464.0,2350024278.0,2440818090.0,2638474038.0,2613813420.0,3125631006.0,Lower middle income
Cambodia,KHM,2093243559.0,2374299969.0,2632863068.0,3395176611.0,4032880210.0,4989881265.0,5643664446.0,6784981007.0,5119870899.0,6080135277.0,6938312829.0,8136084083.0,9500429495.0,10456414665.0,11140147277.0,12266568265.0,13457559457.0,15135150382.0,16549259441.0,Lower middle income
"Korea, Rep.",KOR,174088000000.0,186748000000.0,220638000000.0,291526000000.0,329862000000.0,375223000000.0,438466000000.0,498972000000.0,426523000000.0,538898000000.0,668441000000.0,691553000000.0,703109000000.0,709970000000.0,630129000000.0,602035000000.0,664731000000.0,719490000000.0,648611000000.0,High income
Kuwait,KWT,17900228236.0,17015465614.0,24939597315.0,33831014591.0,51691780822.0,66560992419.0,72698803659.0,98400297619.0,62977762335.0,76953942777.0,112775000000.0,130086000000.0,123413000000.0,111413000000.0,61598537720.0,52118503807.0,61797759644.0,79448654967.0,72583928854.0,High income
Lebanon,LBN,2754228856.0,3083250415.0,3361194030.0,7417557506.0,7873085354.0,7837807010.0,9221256284.0,11224076779.0,11751139951.0,13464256798.0,14518739635.0,12680893475.0,12492026093.0,11425578094.0,11553482873.0,11112344036.0,11627344114.0,11394547409.0,10681277028.0,Lower middle income
Libya,LBY,9053049083.0,9169291339.0,15054687500.0,21117445538.0,30159825206.0,43170371498.0,49960082370.0,64264302059.0,38454487435.0,49955952005.0,18373876818.0,61878180233.0,45126444916.0,18495913235.0,10828699681.0,7275963751.0,18265246090.0,30377289377.0,29664306658.0,Upper middle income
Sri Lanka,LKA,5879570278.0,5773455294.0,6543193121.0,7300256942.0,7892069652.0,8520291702.0,9418774724.0,10113916432.0,8972037013.0,11091200156.0,13644121297.0,13561292254.0,15101674298.0,16735293069.0,16937418652.0,17447582581.0,19086840877.0,20265385428.0,19426214046.0,Lower middle income
Lithuania,LTU,5396323694.0,6759675965.0,8681096447.0,11035742673.0,14387565618.0,17215943029.0,20500472085.0,27541583492.0,19363046984.0,23740962644.0,31728784749.0,33580700076.0,36599310829.0,35075482148.0,28498382257.0,29094549836.0,35148120645.0,40423966585.0,42289157135.0,High income
Luxembourg,LUX,31268767983.0,32249319538.0,39412388094.0,50400230064.0,57949162558.0,71977613140.0,87480215781.0,95030426101.0,80570783796.0,91465696293.0,104568000000.0,102344000000.0,115008000000.0,125763000000.0,115239000000.0,118896000000.0,126659000000.0,140018000000.0,144240000000.0,High income
Latvia,LVA,3177773674.0,3492098681.0,4243382118.0,5617268115.0,7306359676.0,8573078756.0,11881888934.0,14075493349.0,11149110370.0,12758664202.0,16424154742.0,17308645446.0,18242231299.0,19188270160.0,16426564686.0,16731455989.0,18770042487.0,21166263032.0,20529337766.0,High income
"Macao SAR, China",MAC,6258293396.0,6875171160.0,7657831746.0,10086634589.0,10261387325.0,11682955483.0,14545850496.0,16757397040.0,16948511454.0,24689835295.0,33286149011.0,39204245360.0,46720613821.0,47019694257.0,35365685661.0,34542782454.0,40576252180.0,45626138123.0,45556409144.0,High income
Morocco,MAR,11131218818.0,12213885546.0,14319582637.0,16759442727.0,19275938443.0,22483549354.0,27325903592.0,33064268480.0,26014198657.0,30046571306.0,35175589315.0,34323976635.0,35014930700.0,38123788111.0,35210614176.0,36522253378.0,40828105654.0,45794739029.0,47129384118.0,Lower middle income
Moldova,MDA,741151801.5,871854564.2,1056084948.0,1330145600.0,1528946395.0,1542446634.0,2006082999.0,2471513953.0,2005630356.0,1941110607.0,2738068533.0,2711403158.0,3047744876.0,2964395131.0,2470379871.0,2607820374.0,3007169949.0,3453124989.0,3659009037.0,Upper middle income
Madagascar,MDG,1091486945.0,1167504430.0,872660350.2,985460565.6,1424938458.0,1757983951.0,2369521239.0,2971635352.0,1959519017.0,2183656264.0,2624531678.0,2521980869.0,2891230415.0,3541731740.0,3214678775.0,3447066178.0,4071827553.0,4339367440.0,4009166349.0,Low income
Mexico,MEX,171521000000.0,174129000000.0,177670000000.0,202133000000.0,230184000000.0,266526000000.0,289778000000.0,307484000000.0,244407000000.0,314142000000.0,366385000000.0,387539000000.0,398973000000.0,419248000000.0,404586000000.0,399496000000.0,436349000000.0,479888000000.0,492647000000.0,Upper middle income
Marshall Islands,MHL,31151900.0,36065300.0,39620500.0,41888100.0,46380400.0,37360700.0,40685200.0,44116900.0,43263000.0,60740800.0,88380600.0,100502300.0,96183600.0,92178100.0,82374800.0,73297300.0,81510100.0,86195600.0,90690900.0,Upper middle income
North Macedonia,MKD,1083173739.0,1056864202.0,1367964906.0,1744852752.0,2178468743.0,2592957637.0,3677771866.0,4283349694.0,3084289103.0,3743089228.0,4945513081.0,4421834902.0,4694505693.0,5415583660.0,4905243522.0,5407084299.0,6235358681.0,7657420966.0,7867370858.0,Upper middle income
Mali,MLI,912604238.0,1097691768.0,1214785254.0,1291412639.0,1436233266.0,1963284248.0,1969959415.0,2473786766.0,2221698089.0,2441103489.0,2953292432.0,3465895665.0,3302798628.0,3240081520.0,3150871348.0,3288114305.0,3413353933.0,4186182061.0,4441938778.0,Low income
Malta,MLT,4441806830.0,5069588754.0,5858257312.0,6288802691.0,6645853376.0,8364566052.0,10243091842.0,13498804306.0,12785572798.0,13639445181.0,15478783129.0,15434800334.0,16457682826.0,17417624684.0,17149370909.0,18412713261.0,20873581333.0,22216221994.0,22962919268.0,High income
Montenegro,MNE,445661830.6,454214751.2,522751328.7,871215545.1,982979728.9,1104045916.0,1582816863.0,1796439139.0,1427934148.0,1534762031.0,1924550390.0,1785211358.0,1846255402.0,1844142422.0,1707773336.0,1777062106.0,1993887276.0,2361102428.0,2430069066.0,Upper middle income
Mongolia,MNG,638035524.4,708425457.0,835170861.9,1210933088.0,1483028670.0,2029426100.0,2524671786.0,3037494849.0,2304668257.0,3355976969.0,5470718738.0,5356224606.0,4893217361.0,6388231517.0,5134139094.0,5688198304.0,6792836363.0,7665009951.0,8412612740.0,Lower middle income
Mozambique,MOZ,995644781.6,1208618409.0,1413874697.0,1960971866.0,2314503695.0,2494913629.0,2867181836.0,3329430854.0,3231064332.0,3158601329.0,4328595653.0,4722765256.0,4539599750.0,5542308939.0,4957272693.0,4004302191.0,5099795425.0,6661131674.0,4966110853.0,Low income
Mauritania,MRT,445892461.3,440241536.9,392277306.8,549736448.2,785480557.2,1660493771.0,1761220417.0,2166029282.0,1755985253.0,2574612499.0,3394680228.0,3247124766.0,3290007741.0,2464897184.0,1862093500.0,2170784093.0,2346432987.0,2520171814.0,3091542481.0,Lower middle income
Mauritius,MUS,3136669951.0,2982651358.0,3257692239.0,3508045893.0,3829950977.0,4107909335.0,4553278597.0,5102134061.0,4352373920.0,5125648056.0,6040723194.0,6276838602.0,5872859218.0,6253984116.0,5596191313.0,5412907020.0,5628831776.0,5809414635.0,5403470196.0,Upper middle income
Malaysia,MYS,102436000000.0,109221000000.0,117854000000.0,143928000000.0,162049000000.0,182516000000.0,205486000000.0,229659000000.0,184897000000.0,221687000000.0,254020000000.0,249353000000.0,244491000000.0,249468000000.0,209287000000.0,201165000000.0,223416000000.0,245969000000.0,238378000000.0,Upper middle income
Namibia,NAM,1460496759.0,1546281765.0,2139539096.0,2630325000.0,2928972887.0,3630154010.0,4406963682.0,4618206224.0,4609164218.0,5519271694.0,5703130110.0,5224411421.0,4516467698.0,4851936880.0,4009349180.0,3753713233.0,4335454250.0,4909474909.0,4560915374.0,Upper middle income
Niger,NER,329494480.9,331604241.6,450538569.4,536185520.5,631697854.4,659728390.0,748906731.8,961860986.5,1101191299.0,1270669448.0,1341345247.0,1517787449.0,1736088856.0,1732190193.0,1381730098.0,1266928628.0,1486989002.0,1515939539.0,1475283080.0,Low income
Nigeria,NGA,20914287342.0,22167396759.0,28065394965.0,27623348089.0,37047965134.0,69688762822.0,58532798127.0,87143789749.0,54961140555.0,92751978828.0,128047000000.0,143695000000.0,91818604444.0,100780000000.0,51923946713.0,37301081487.0,49491679577.0,61552169213.0,63726878125.0,Lower middle income
Nicaragua,NIC,1013628825.0,984614526.3,1102014235.0,1336449667.0,1541276323.0,2114713700.0,2454454292.0,2928933145.0,2820029991.0,3544323950.0,4400092757.0,4999469140.0,4965861472.0,5347144910.0,5113366206.0,5165892177.0,5698964091.0,5506699796.0,5680173421.0,Lower middle income
Netherlands,NLD,273188000000.0,285021000000.0,343890000000.0,412635000000.0,449808000000.0,500419000000.0,583600000000.0,664345000000.0,542407000000.0,591503000000.0,683507000000.0,666972000000.0,700690000000.0,718890000000.0,632814000000.0,623604000000.0,695379000000.0,774044000000.0,751254000000.0,High income
Norway,NOR,78221915767.0,78939226935.0,90697014209.0,108690000000.0,134064000000.0,154283000000.0,173600000000.0,212250000000.0,151524000000.0,170473000000.0,205661000000.0,207280000000.0,204908000000.0,194362000000.0,145840000000.0,130786000000.0,144748000000.0,165936000000.0,146844000000.0,High income
Nepal,NPL,1355238095.0,1073251679.0,993875698.0,1213488963.0,1185691368.0,1216071411.0,1327426849.0,1602782687.0,1596506175.0,1533460341.0,1684084657.0,1899085037.0,2059901678.0,2301357059.0,2488355029.0,2005967750.0,2263315206.0,2587877999.0,2659663943.0,Lower middle income
New Zealand,NZL,19087560690.0,21885258022.0,26333821913.0,30697142857.0,32448778427.0,33025095649.0,40159476740.0,42706825051.0,34875382597.0,44356174905.0,51152198482.0,50852168175.0,55007020975.0,56333268811.0,49705887481.0,50288021441.0,56953620425.0,59074559911.0,58307831673.0,High income
Oman,OMN,11559977633.0,11780678283.0,12326795059.0,14122154226.0,19632719116.0,22899478283.0,26380016905.0,39559770871.0,29273638492.0,38407509493.0,49533680104.0,54825227568.0,59385175553.0,56953966190.0,39080884265.0,31042392718.0,36963849155.0,46321456437.0,43583094928.0,High income
Pakistan,PAK,10600274820.0,11007713543.0,13917671163.0,15350078166.0,17180327372.0,19400851368.0,20137183306.0,21059563685.0,20843801713.0,23946181768.0,29831048430.0,27816080761.0,30699243927.0,29916086157.0,28690885215.0,27400953970.0,27888171202.0,30562210968.0,30136171703.0,Lower middle income
Panama,PAN,7768180900.0,7489896100.0,7441313900.0,8672878000.0,10561613900.0,12004967500.0,15217800000.0,19644000000.0,18931200000.0,20620800000.0,27135200000.0,30399600000.0,29713600000.0,27635200000.0,25793600000.0,24305600000.0,26003029600.0,27783920100.0,27602938300.0,High income
Peru,PER,8637724124.0,9462717116.0,11167509772.0,15298201418.0,20421330421.0,27068649606.0,32206455737.0,35836836529.0,31948077817.0,41051644190.0,52392070005.0,52881407340.0,49908212739.0,45392391687.0,40404471800.0,43369085360.0,52160711547.0,56077100955.0,54886884607.0,Upper middle income
Philippines,PHL,32480429837.0,33727705397.0,36821926691.0,39736347401.0,44289292342.0,52651008177.0,59294671640.0,60584207331.0,53178723018.0,68500864145.0,68169842089.0,71941899917.0,74318409026.0,81375067296.0,83378041349.0,84987326746.0,97073621260.0,104794000000.0,106953000000.0,Lower middle income
Poland,POL,51902098244.0,57159803922.0,72646370626.0,87338145232.0,105961000000.0,130339000000.0,165246000000.0,201784000000.0,163328000000.0,191354000000.0,223969000000.0,220604000000.0,239681000000.0,256156000000.0,234564000000.0,245413000000.0,285163000000.0,324495000000.0,330869000000.0,High income
Portugal,PRT,33364915450.0,36493691735.0,45217764525.0,52396449477.0,53424570458.0,63373039604.0,75020812081.0,82346807429.0,66778989702.0,71598934533.0,84455064293.0,81685225652.0,89682537232.0,92457300369.0,80984130312.0,83005656043.0,94573528088.0,105275000000.0,104415000000.0,High income
Paraguay,PRY,3452915687.0,3416430255.0,3626068859.0,4397197655.0,5110362043.0,6216897492.0,7745197916.0,10446321880.0,8516702675.0,11432244565.0,13575405079.0,12651154609.0,14963348299.0,14319815680.0,12589178290.0,13412854837.0,14990802325.0,14861384552.0,13722313059.0,Upper middle income
West Bank and Gaza,PSE,615900000.0,477800000.0,515100000.0,596800000.0,723300000.0,736300000.0,1066300000.0,1165000000.0,1133300000.0,1367300000.0,1799400000.0,1871100000.0,2111100000.0,2213600000.0,2244300000.0,2207100000.0,2536000000.0,2598000000.0,2659300000.0,Lower middle income
Qatar,QAT,11556593407.0,11684615385.0,14519780220.0,20363186813.0,28982692308.0,38244780220.0,48048351648.0,70732417582.0,50009065934.0,77975824176.0,121838000000.0,142876000000.0,144510000000.0,140229000000.0,92291208791.0,72397252747.0,85204395604.0,102561000000.0,92046153846.0,High income
Romania,ROU,8929665187.0,11061866586.0,13996536145.0,19300916138.0,24155609706.0,30226593094.0,43141451011.0,56054468220.0,45308070705.0,53854746845.0,67931903169.0,64042731100.0,76385528411.0,82837632868.0,73553461318.0,78593220339.0,88964194941.0,101078000000.0,100910000000.0,High income
Russian Federation,RUS,113116000000.0,121649000000.0,151698000000.0,203415000000.0,268957000000.0,333908000000.0,392044000000.0,520004000000.0,341584000000.0,445513000000.0,573992000000.0,594193000000.0,592497000000.0,558283000000.0,391365000000.0,330107000000.0,410722000000.0,510346000000.0,481410000000.0,Upper middle income
Rwanda,RWA,142952952.4,121512891.6,166283211.4,247001899.7,313565639.0,361305562.0,556349242.6,583912881.2,588300195.7,657968905.4,871553115.0,918133646.2,1055111376.0,1142634538.0,1130492668.0,1340967912.0,1899457438.0,2034370488.0,2258781198.0,Low income
Saudi Arabia,SAU,72980533333.0,77641333333.0,98956800000.0,131921000000.0,187389000000.0,225507000000.0,249318000000.0,322854000000.0,202056000000.0,261831000000.0,376224000000.0,399420000000.0,387644000000.0,354541000000.0,218010000000.0,200860000000.0,239993000000.0,314917000000.0,285860000000.0,High income
Sudan,SDN,1714427329.0,2162447267.0,2728718906.0,3851321624.0,5141535692.0,6922222749.0,10177402212.0,13310719548.0,12693099848.0,15093048526.0,12341649254.0,7627752197.0,7715881706.0,514694137.9,620703204.6,733980858.7,861795538.2,197613737.1,203915566.9,Low income
Senegal,SEN,1151929244.0,1374437593.0,1597488106.0,1924839665.0,2180519200.0,2252093230.0,2876426090.0,3513433775.0,3131308149.0,3221238387.0,3795074833.0,3969170438.0,4228273690.0,4311504863.0,4030818402.0,4105254827.0,4604564108.0,5305072586.0,5846879269.0,Lower middle income
Singapore,SGP,164230000000.0,170349000000.0,197816000000.0,246120000000.0,287771000000.0,338933000000.0,385007000000.0,443359000000.0,370530000000.0,474820000000.0,567998000000.0,580494000000.0,600013000000.0,604368000000.0,549432000000.0,525346000000.0,588223000000.0,665749000000.0,658107000000.0,High income
Solomon Islands,SLB,71807502.84,74531768.61,95391625.25,127192806.7,138780063.5,162600354.8,218705358.1,259504988.4,224103153.3,315659495.3,533540994.3,618811262.8,573461387.8,567781771.6,527147712.5,551740897.3,593662309.5,680522225.7,591008209.6,Lower middle income
Sierra Leone,SLE,85492032.32,107153406.4,192923463.5,238584015.1,290042436.9,317931420.7,336802821.5,338717766.5,331270804.7,432978661.2,478655062.6,1251015326.0,1408534692.0,1542664519.0,816852288.8,915541736.3,974210447.8,713559228.9,743850680.9,Low income
El Salvador,SLV,3071774700.0,3231026200.0,3433269900.0,3555578400.0,3713680000.0,4150320000.0,4349400000.0,4809800000.0,4215800000.0,4971100000.0,5878600000.0,6110250000.0,6536790000.0,6677020000.0,6911040000.0,6884540000.0,7251400000.0,7528970000.0,7981810000.0,Lower middle income
Serbia,SRB,2681201309.0,3440308207.0,5203770400.0,6571202472.0,7741608183.0,9563353181.0,11781287690.0,14845675523.0,11899419360.0,13489125666.0,16256083858.0,15524118113.0,19285832720.0,19802613644.0,17915468416.0,19742887851.0,22297844540.0,25540389777.0,26277880391.0,Upper middle income
Slovak Republic,SVK,17580281545.0,20109328251.0,29247254821.0,39658444438.0,45411896334.0,57491282340.0,72177797874.0,80853219952.0,60823815516.0,69795562151.0,84273009074.0,85948047828.0,92447046805.0,92713512373.0,81433587327.0,84074972047.0,90938033313.0,101693000000.0,97140403446.0,High income
Slovenia,SVN,10802787759.0,12290189526.0,15114769177.0,18946986796.0,21655505534.0,25611438966.0,32637319159.0,36989152941.0,28957253603.0,30985760884.0,36236196222.0,33951293540.0,35932394253.0,38073728494.0,33256871128.0,34738156236.0,40389935067.0,45938960374.0,45490464656.0,High income
Sweden,SWE,104038000000.0,110067000000.0,134824000000.0,164409000000.0,176559000000.0,200916000000.0,233887000000.0,254126000000.0,189693000000.0,221523000000.0,259899000000.0,248770000000.0,249565000000.0,251793000000.0,221068000000.0,220141000000.0,236613000000.0,253749000000.0,255244000000.0,High income
Eswatini,SWZ,1141012626.0,1160646200.0,1840996074.0,1981737786.0,1804665325.0,1837879805.0,2118881696.0,1744257989.0,1775447608.0,2062831284.0,1678871397.0,1793016565.0,1863608072.0,1939667087.0,1751537858.0,1681302490.0,1915868749.0,1886791240.0,2051993385.0,Lower middle income
Seychelles,SYC,521402304.7,543132354.0,627255559.5,621180909.1,719670181.8,857524992.3,936671039.1,980668675.7,915141837.9,909791904.7,1020729935.0,1052391065.0,1206055572.0,1373143032.0,1290378307.0,1338729921.0,1573333024.0,1553146345.0,1538980635.0,High income
Syrian Arab Republic,SYR,32006948775.0,36000178174.0,30820846325.0,45652115813.0,55080445434.0,59999554566.0,69481514477.0,81919109131.0,65256302895.0,81226993318.0,14259058931.0,3403519631.0,1754134878.0,1548802628.0,1248282542.0,1158134956.0,1468016210.0,3196590719.0,2891395418.0,Low income
Chad,TCD,250908652.5,253418848.0,675636759.2,2256048303.0,3190156278.0,3534906246.0,3849613664.0,4437596327.0,3264609061.0,3930727091.0,4732260048.0,4757484165.0,4347930831.0,4762356368.0,3285310490.0,2655214531.0,3387430129.0,4067531256.0,4157368099.0,Low income
Togo,TGO,429265411.4,516664523.6,694055534.7,752312558.5,811251181.6,831772026.5,910767461.6,1140286996.0,1201392577.0,1297652378.0,1689772659.0,1750943040.0,2008533718.0,1817014148.0,1498688203.0,1622914127.0,1616151161.0,1702908021.0,1665137367.0,Low income
Thailand,THA,76088350937.0,81447761993.0,93686958534.0,114063000000.0,129499000000.0,152293000000.0,181094000000.0,208095000000.0,181530000000.0,226788000000.0,262744000000.0,274121000000.0,282343000000.0,278596000000.0,271424000000.0,277248000000.0,304266000000.0,328570000000.0,323769000000.0,Upper middle income
Timor-Leste,TLS,42828900.0,36638400.0,33673900.0,32945200.0,32989600.0,41881900.0,54263000.0,60613700.0,66633500.0,75532300.0,66782600.0,82664300.0,77945700.0,66178400.0,48508500.0,51780000.0,38179900.0,45614300.0,568087500.0,Lower middle income
Tonga,TON,23631258.94,33365905.13,39211569.12,45131250.92,46713099.11,42550151.82,36478254.36,54958964.65,42554538.04,45863963.92,67308880.52,80357779.22,91728053.99,74648071.51,74117852.92,91158820.35,102006152.5,104684109.8,112508341.0,Upper middle income
Tunisia,TUN,9447973865.0,9438489133.0,10839425689.0,13158651144.0,14501002004.0,15823365890.0,19876619323.0,24966398831.0,19572021032.0,22160316334.0,22162763461.0,21721900634.0,21854157937.0,21398503681.0,17579475938.0,16988081937.0,17591138299.0,19416033851.0,19255997819.0,Lower middle income
Turkiye,TUR,54839879896.0,60315855892.0,72375693650.0,96595956015.0,110761000000.0,124752000000.0,149142000000.0,181569000000.0,151736000000.0,164677000000.0,192863000000.0,214511000000.0,227885000000.0,236668000000.0,212028000000.0,200756000000.0,223678000000.0,242516000000.0,248067000000.0,Upper middle income
Tanzania,TZA,1878651441.0,2019020391.0,2297025915.0,2674833272.0,3124777521.0,3434320449.0,4331708456.0,5438641596.0,5291151823.0,6277203238.0,7497823405.0,8870644645.0,8684876051.0,9028242341.0,8104067362.0,8138039819.0,8072890864.0,8401859109.0,9786707522.0,Lower middle income
Uganda,UGA,672714062.0,692819583.9,752307745.7,1008067257.0,1310093940.0,1524126924.0,1990712053.0,3506150652.0,4677180751.0,3687465375.0,3583112050.0,4230158408.0,4774874221.0,4874969999.0,4170603024.0,3629227706.0,5122376588.0,4967717820.0,6048575655.0,Low income
Ukraine,UKR,19909904879.0,22030375850.0,27327807677.0,39456100771.0,42593712803.0,48355049505.0,61412079208.0,81376632746.0,52181178766.0,65601214779.0,83660951855.0,86517457139.0,81719004129.0,64873261713.0,47880172307.0,46023216040.0,53943473978.0,59208874837.0,63448556040.0,Lower middle income
Uruguay,URY,3511970186.0,2805886753.0,3304408129.0,4394994712.0,5279006692.0,5932087138.0,6810249649.0,9171514628.0,8579858658.0,10612138803.0,12672707381.0,13287539945.0,13435347409.0,13474880883.0,11974918858.0,15427745685.0,16795263098.0,17029670981.0,16991760618.0,High income
United States,USA,1026810000000.0,997979000000.0,1035170000000.0,1176360000000.0,1301580000000.0,1470170000000.0,1659300000000.0,1835280000000.0,1582770000000.0,1857250000000.0,2115860000000.0,2217700000000.0,2286980000000.0,2377410000000.0,2268650000000.0,2232110000000.0,2383760000000.0,2533510000000.0,2519730000000.0,High income
Uzbekistan,UZB,3383383875.0,2995507327.0,3875170383.0,5027333203.0,5409530613.0,6328126538.0,8851137335.0,12165067486.0,11677571267.0,12080819297.0,14243983198.0,13008814597.0,13633390838.0,12971195678.0,11866029002.0,10623491735.0,12880673617.0,14190894323.0,17026594789.0,Lower middle income
Vanuatu,VUT,97899354.84,111107678.8,136092224.2,166437069.5,179247165.6,181334552.9,214755338.6,274566730.7,299604275.0,326760627.3,351238191.5,383721495.1,391908401.0,397180640.7,336446180.0,381590228.2,419436695.0,546952298.8,471496742.4,Lower middle income
South Africa,ZAF,35694721925.0,36701262724.0,47117929330.0,58215242194.0,68172283113.0,79302370228.0,93124449996.0,101967000000.0,82381368233.0,107611000000.0,126913000000.0,117893000000.0,113769000000.0,110550000000.0,96085897668.0,91109021409.0,104288000000.0,111285000000.0,106070000000.0,Upper middle income
Zambia,ZMB,1028111856.0,1137944596.0,1258986753.0,2086548348.0,2550444808.0,4157837751.0,4721899913.0,5179705636.0,4483693050.0,7503512539.0,9494352665.0,10222369009.0,11350236220.0,10536766856.0,7892388634.0,7403491271.0,9053912488.0,9987196772.0,8073235066.0,Low income
Zimbabwe,ZWE,2369300000.0,2019000000.0,1855571300.0,2001178100.0,1930796900.0,1957416600.0,1999583100.0,1831052800.0,1882654700.0,3569254400.0,4907581300.0,4306653100.0,4197687400.0,4080440700.0,3824969000.0,4098132100.0,3456996968.0,5081366027.0,6026541180.0,Lower middle income
