country_name,country_code,gpc_2001,gpc_2002,gpc_2003,gpc_2004,gpc_2005,gpc_2006,gpc_2007,gpc_2008,gpc_2009,gpc_2010,gpc_2011,gpc_2012,gpc_2013,gpc_2014,gpc_2015,gpc_2016,gpc_2017,gpc_2018,gpc_2019
Afghanistan,AFG,0.0,179.43,190.68,211.38,242.03,263.73,359.69,364.66,437.27,543.31,591.19,638.85,624.32,614.22,556.01,512.01,516.68,485.67,494.18
Albania,ALB,1281.66,1425.12,1846.12,2373.58,2673.79,2972.74,3595.04,4370.54,4114.13,4094.35,4437.14,4247.63,4413.06,4578.63,3952.8,4124.06,4531.02,5287.66,5396.22
Algeria,DZA,1740.61,1781.83,2103.38,2610.19,3113.09,3478.71,3950.51,4923.63,3883.27,4480.79,5455.68,5592.22,5499.59,5493.06,4177.89,3946.45,4109.7,4142.02,3989.67
American Samoa,ASM,0.0,8666.66,8807.46,8528.25,8395.32,8340.52,8874.88,9740.82,11910.01,10216.82,10223.3,11496.52,11450.72,11525.16,12059.64,12038.25,11003.83,11521.61,11715.36
Andorra,AND,22970.51,25067.24,32272.85,37966.19,40064.22,42674.76,47804.85,48719.66,43504.22,40849.76,43333.97,38684.57,39538.36,41302.38,35770.92,37474.75,38964.66,41793.32,40898.42
Angola,AGO,527.33,872.49,982.96,1255.56,1902.42,2599.57,3122.0,4080.94,3122.78,3497.97,4518.31,4978.43,5127.72,5094.11,3127.89,1728.02,2313.22,2524.94,2177.8
Antigua and Barbuda,ATG,10367.32,10401.05,10797.95,11446.97,12557.55,13995.8,15622.69,16044.11,14160.56,13048.96,12746.63,13272.73,12910.59,13501.58,14285.33,15198.74,15383.58,16679.59,17376.65
Argentina,ARG,7208.37,2593.4,3349.81,4277.72,5109.85,5919.01,7245.45,9020.87,8225.14,10385.96,12848.86,13082.66,13080.25,12334.8,13789.06,12790.24,14613.04,11795.16,10076.36
Armenia,ARM,694.42,783.24,930.13,1191.92,1643.76,2158.15,3139.28,4010.86,2994.34,3218.38,3525.81,3681.84,3838.17,3986.23,3607.29,3591.83,3914.53,4220.54,4604.65
Aruba,ABW,20417.78,20654.49,21070.07,22834.28,23591.16,24495.02,26452.23,28048.15,25170.83,24134.47,25849.96,25496.84,26442.43,26895.06,28399.05,28453.72,29348.42,30253.71,31135.88
Australia,AUS,19527.32,20117.79,23492.41,30513.94,34081.0,36117.49,41001.14,49654.91,42783.32,52087.97,62574.15,68027.84,68156.63,62511.69,56707.02,49881.76,53934.25,57180.78,54875.29
Austria,AUT,24558.76,26527.59,32294.05,36889.23,38417.46,40669.33,46915.34,51919.98,48153.32,46903.76,51442.28,48564.92,50731.13,51786.38,44195.82,45307.59,47429.16,51486.58,50114.4
Azerbaijan,AZE,703.68,763.08,883.73,1045.01,1578.4,2473.08,3851.44,5574.6,4950.29,5843.53,7189.69,7496.29,7875.76,7891.31,5500.31,3880.74,4147.09,4739.84,4805.75
"Bahamas, The",BHS,27486.24,28867.08,28327.81,28396.01,30279.39,30713.8,31472.29,30627.33,28552.52,28443.89,28005.91,29485.86,28768.77,30154.74,31699.36,31314.84,32371.01,33077.39,33872.33
Bahrain,BHR,12868.18,13049.91,14222.04,15846.51,17959.4,19307.51,20976.44,23066.45,19355.92,20722.07,22514.2,23654.37,24744.3,24989.44,22634.09,22608.45,23742.94,24086.3,23552.38
Bangladesh,BGD,415.03,413.08,446.31,475.29,499.46,509.64,558.05,634.99,702.26,781.15,861.76,883.12,981.86,1118.87,1248.45,1678.95,1839.58,1991.48,2154.23
Barbados,BRB,11209.42,11361.52,11699.37,12512.58,13822.74,15199.39,16770.69,17092.31,15885.97,16056.12,16459.06,16250.01,16452.15,16488.53,16558.86,16909.89,17404.21,17782.87,18480.06
Belarus,BLR,1244.37,1479.31,1819.77,2378.62,3125.81,3847.43,4735.66,6377.37,5352.58,6033.69,6527.17,6953.13,7998.13,8341.4,5967.05,5039.68,5785.67,6360.06,6837.72
Belgium,BEL,23015.07,25006.19,30655.21,35429.41,36809.7,38705.11,44319.17,48303.4,44760.29,44184.95,47410.57,44670.56,46757.95,47764.07,41008.3,42012.62,44198.48,47549.21,46599.11
Belize,BLZ,3417.09,3553.12,3677.15,3824.93,3916.36,4157.19,4290.9,4408.38,4197.0,4304.11,4441.74,4530.6,4575.68,4744.11,4805.2,4877.67,4909.6,4927.19,4983.34
Benin,BEN,518.07,574.93,711.28,798.74,822.79,856.05,966.2,1125.43,1088.76,1036.53,1130.27,1145.14,1251.21,1291.41,1076.8,1087.29,1136.59,1241.83,1219.52
Bermuda,BMU,58883.96,62583.1,66111.73,70359.32,75882.03,95221.86,104287.39,106935.49,101407.76,101875.28,97774.16,98431.87,99471.64,98467.68,102005.63,106885.88,111820.58,113050.74,116153.17
Bhutan,BTN,764.43,845.5,962.1,1068.43,1228.43,1330.98,1757.19,1828.15,1819.2,2258.19,2563.26,2538.95,2472.72,2652.23,2752.63,2930.57,3286.6,3243.48,3322.86
Bolivia,BOL,948.87,904.23,907.54,967.41,1034.31,1218.87,1372.63,1715.21,1754.21,1955.46,2346.34,2609.88,2908.2,3081.88,3035.97,3076.66,3351.12,3548.59,3552.07
Bosnia and Herzegovina,BIH,1544.6,1789.86,2258.95,2698.47,2980.6,3416.51,4193.37,5090.95,4714.69,4635.51,5092.55,4777.07,5129.66,5330.36,4729.69,4994.97,5394.27,6070.35,6119.76
Botswana,BWA,3278.02,3190.62,4330.97,5073.52,5513.33,5521.99,5832.74,5713.54,5255.78,6434.81,7617.31,7050.57,7224.91,7495.22,6402.91,6982.92,7296.09,7503.88,7247.43
Brazil,BRA,3160.25,2839.49,3070.44,3637.31,4790.46,5886.39,7348.19,8831.18,8597.79,11286.07,13245.39,12370.22,12300.39,12112.83,8813.99,8710.06,9928.68,9151.38,8876.06
British Virgin Islands,VGB,0.0,0.0,0.0,0.0,0.0,0.0,0.0,0.0,0.0,0.0,0.0,0.0,0.0,0.0,0.0,0.0,0.0,0.0,0.0
Brunei Darussalam,BRN,16472.0,16850.39,18560.5,21902.03,26105.42,30979.96,32663.39,37934.68,27956.01,35270.64,47055.96,47739.56,44740.86,41725.87,31164.04,27158.41,28571.61,31628.48,31085.96
Bulgaria,BGR,1770.91,2092.96,2719.5,3389.71,3899.91,4523.05,5885.1,7265.74,6988.23,6853.0,7849.17,7432.48,7681.93,7901.79,7074.68,7569.48,8366.29,9446.7,9879.27
Burkina Faso,BFA,267.1,294.67,374.63,418.38,457.93,473.45,535.06,643.4,624.18,647.84,751.17,758.0,787.47,792.85,653.33,688.25,735.0,804.5,796.12
Burundi,BDI,134.36,123.12,113.57,128.34,151.68,167.38,172.5,198.35,212.14,234.24,249.58,252.36,256.97,274.86,305.51,251.65,250.51,238.03,223.86
Cabo Verde,CPV,1292.23,1401.89,1809.11,2024.27,2099.15,2361.38,3186.78,3721.22,3517.43,3378.32,3740.37,3447.48,3616.04,3588.63,3043.03,3131.02,3292.63,3616.46,3603.78
Cambodia,KHM,321.15,338.99,362.34,408.51,474.11,539.75,631.53,745.61,738.05,785.5,882.28,950.88,1013.42,1093.5,1162.9,1269.59,1385.26,1512.13,1643.12
Cameroon,CMR,687.65,759.11,950.56,1090.79,1100.17,1147.44,1277.52,1439.55,1411.47,1352.3,1465.15,1403.52,1527.75,1604.21,1382.51,1413.26,1469.45,1585.24,1533.1
Canada,CAN,23822.06,24255.34,28300.46,32143.68,36382.51,40504.06,44659.9,46710.51,40876.31,47562.08,52223.7,52669.09,52635.17,50956.0,43596.14,42315.6,45129.43,46548.64,46328.67
Cayman Islands,CYM,0.0,0.0,0.0,0.0,0.0,82801.54,85433.03,85188.34,77400.42,73351.76,72329.66,72777.15,73514.67,74990.43,76284.19,78471.63,81513.16,86180.54,91513.04
Central African Republic,CAF,250.58,261.98,294.32,321.31,331.29,354.99,404.91,466.47,476.62,488.42,551.75,565.8,380.3,424.45,377.42,402.19,450.9,475.95,468.12
Chad,TCD,197.15,221.42,292.6,454.34,658.57,710.4,799.6,929.38,803.69,892.57,984.74,967.35,979.81,1020.29,776.02,693.45,665.95,726.15,709.54
Channel Islands,CHI,41807.08,44544.36,48861.03,56753.21,58199.16,63244.93,74463.02,0.0,0.0,0.0,0.0,0.0,0.0,0.0,0.0,0.0,0.0,0.0,0.0
Chile,CHL,4609.21,4481.83,4827.08,6186.66,7558.37,9406.58,10439.43,10752.97,10151.06,12724.1,14577.63,15354.62,15777.78,14607.0,13495.01,13690.91,14962.56,15772.33,14699.46
China,CHN,1053.11,1148.51,1288.64,1508.67,1753.42,2099.23,2693.97,3468.3,3832.24,4550.45,5614.35,6300.62,7020.34,7636.12,8016.43,8094.36,8816.99,9905.34,10143.84
Colombia,COL,2439.68,2396.63,2281.4,2782.62,3414.47,3741.09,4714.07,5472.54,5193.24,6336.71,7335.17,8050.26,8218.35,8114.34,6175.88,5870.78,6376.71,6729.58,6418.62
Comoros,COM,680.91,747.99,937.71,1061.08,1069.03,1114.95,1240.09,1393.22,1344.73,1316.49,1447.95,1403.36,1505.34,1513.83,1242.59,1273.05,1323.81,1428.29,1404.43
"Congo, Dem. Rep.",COD,153.59,175.01,173.8,194.04,218.39,255.43,286.33,327.56,298.62,334.02,387.08,424.6,457.96,486.79,497.32,471.32,467.07,565.83,596.56
"Congo, Rep.",COG,869.1,916.59,1028.42,1326.6,1835.61,2155.41,2265.85,2904.12,2345.56,3076.56,3562.22,3922.87,3884.85,3781.52,2448.52,2051.67,2170.9,2606.62,2369.73
Costa Rica,CRI,3960.31,4042.71,4147.82,4404.71,4676.38,5227.47,6103.74,6901.39,6801.04,8227.13,9229.83,10075.0,10744.09,10847.17,11642.78,12011.22,12225.57,12485.42,12762.14
Cote d'Ivoire,CIV,997.48,1047.75,1207.51,1308.29,1309.59,1347.99,1500.17,1738.19,1689.34,1701.48,1744.94,1684.78,1935.95,2156.65,1972.55,2013.38,2111.03,2314.05,2276.33
Croatia,HRV,5412.93,6293.23,8129.79,9747.44,10621.51,11797.47,14046.32,16416.59,14653.04,14067.52,14757.18,13401.66,13837.73,13762.37,11933.38,12527.74,13629.29,15227.56,15311.77
Cuba,CUB,2837.74,2999.24,3197.13,3395.71,3786.66,4336.64,4822.89,5010.43,5120.06,5305.88,6139.72,6497.31,6837.71,7133.34,7694.01,8060.8,8541.21,8824.19,9125.88
Curacao,CUW,0.0,0.0,0.0,0.0,0.0,0.0,0.0,0.0,0.0,0.0,19446.46,19886.68,19762.74,19552.66,19260.27,18881.83,18788.81,18956.1,19024.18
Cyprus,CYP,14821.45,16093.21,20252.24,23792.62,24959.26,26729.32,31244.93,35397.36,32109.24,31023.64,32396.39,28912.16,27729.19,27163.33,23408.34,24605.92,26608.88,29334.11,29206.08
Czechia,CZE,6637.04,8060.87,9818.57,11749.85,13430.67,15261.8,18466.55,22804.58,19861.7,19960.07,21871.27,19870.8,20133.17,19890.92,17829.7,18575.23,20636.2,23419.74,23660.15
Denmark,DNK,30751.65,33228.69,40458.78,46511.6,48799.83,52027.0,58487.05,64322.06,58163.28,58041.4,61753.65,58507.51,61191.19,62548.98,53254.86,54664.0,57610.1,61591.93,59775.74
Djibouti,DJI,780.9,791.38,818.87,863.24,904.74,967.68,1052.72,1223.85,1267.32,1343.28,1451.55,1559.24,2312.72,2464.29,2652.51,2803.69,2926.15,3038.27,3172.75
Dominica,DMA,4883.0,4770.85,4897.31,5216.87,5160.89,5518.42,5951.86,6468.94,6903.15,6967.36,7065.46,6849.46,7016.38,7317.49,7597.29,8080.97,7298.51,7745.38,8516.28
Dominican Republic,DOM,2977.43,3110.33,2418.35,2487.33,3932.78,4109.03,4707.8,5087.98,5039.4,5555.39,5913.43,6110.37,6238.13,6608.83,6921.52,7280.88,7609.35,8050.64,8282.12
Ecuador,ECU,1894.62,2172.1,2425.85,2691.28,3002.14,3328.88,3567.84,4249.02,4231.62,4633.59,5200.56,5682.05,6056.33,6377.09,6124.49,6060.09,6213.5,6295.93,6222.52
"Egypt, Arab Rep.",EGY,1378.2,1191.1,1102.47,1062.16,1186.39,1397.44,1667.32,2044.53,2331.27,2645.97,2791.81,3229.69,3262.66,3379.56,3562.93,3519.87,2444.29,2537.13,3019.09
El Salvador,SLV,2072.3,2124.1,2209.5,2278.43,2428.57,2631.82,2786.16,2933.39,2858.48,2983.23,3266.01,3428.41,3509.53,3589.04,3705.58,3806.0,3910.25,4052.62,4167.73
Equatorial Guinea,GNQ,2313.17,2744.19,3618.54,6152.13,10963.41,12857.37,15908.41,22942.61,16668.12,17288.84,21641.7,21711.15,20390.74,19394.08,11283.4,9250.32,9667.86,10005.62,8380.74
Eritrea,ERI,316.82,293.96,334.59,407.77,388.6,415.04,439.83,450.63,595.11,501.36,642.51,0.0,0.0,0.0,0.0,0.0,0.0,0.0,0.0
Estonia,EST,4505.86,5341.63,7203.52,8914.1,10412.64,12639.4,16744.58,18204.97,14711.74,14663.04,17487.8,17403.21,19056.0,20261.07,17402.04,18295.34,20437.77,23063.56,23397.88
Eswatini,SWZ,1521.77,1405.45,2148.63,2699.13,3083.84,3176.69,3327.45,3137.39,3385.86,4168.49,4496.61,4527.57,4230.17,4039.16,3680.35,3425.53,3914.42,4107.09,3889.85
Ethiopia,ETH,120.77,111.93,119.49,136.47,162.43,194.69,244.29,326.44,380.57,341.55,354.48,467.08,499.53,566.93,640.54,717.12,768.52,771.52,855.76
Faroe Islands,FRO,24724.46,27021.81,31624.51,35886.92,36756.12,42153.94,48784.89,52034.58,48011.89,48578.6,52267.12,50464.66,55892.29,60484.34,53310.26,58224.81,61455.05,65572.61,67153.68
Fiji,FJI,2030.25,2248.71,2818.91,3311.16,3627.63,3715.93,4040.15,4167.69,3362.82,3652.54,4371.45,4591.58,4840.73,5605.61,5390.71,5651.27,6101.02,6317.41,6175.89
Finland,FIN,24967.79,26997.75,32927.68,37772.18,39054.85,41222.6,48476.39,53772.79,47481.48,46505.3,51148.93,47708.06,49892.22,50327.24,42801.91,43814.03,46412.14,49988.91,48628.64
France,FRA,22452.98,24292.58,29633.68,33803.31,34773.15,36474.16,41561.2,45519.3,41740.24,40677.99,43848.11,40872.36,42605.04,43068.55,36652.92,37062.53,38781.05,41592.8,40578.64
French Polynesia,PYF,0.0,0.0,0.0,0.0,0.0,0.0,0.0,0.0,0.0,0.0,0.0,0.0,0.0,0.0,19500.1,20020.09,21127.06,22094.76,21512.27
Gabon,GAB,3993.03,4141.43,4933.46,5739.61,6891.36,7221.37,8458.31,10254.17,7721.02,8849.32,10809.68,9813.51,9683.58,9663.42,7384.7,6984.42,7230.43,7959.01,7767.0
"Gambia, The",GMB,505.42,411.77,335.91,642.76,665.72,662.36,780.38,924.51,833.28,860.64,762.76,742.78,700.52,607.43,660.72,690.78,679.76,732.72,772.51
Georgia,GEO,801.99,853.52,1010.01,1305.05,1642.76,1996.06,2635.35,3324.74,2822.67,3233.3,4021.74,4421.82,4623.75,4739.19,4014.19,4062.17,4357.0,4722.04,4696.15
Germany,DEU,23628.33,25197.27,30310.36,34106.66,34520.24,36353.88,41640.08,45612.71,41650.37,41572.46,46705.9,43855.85,46298.92,48023.87,41103.26,42136.12,44652.59,47973.61,46794.9
Ghana,GHA,269.01,304.56,367.82,417.51,492.54,913.39,1081.17,1217.06,1077.66,1299.35,1549.46,1587.56,2361.09,2012.26,1774.07,1971.96,2074.29,2260.86,2246.63
Gibraltar,GIB,0.0,0.0,0.0,0.0,0.0,0.0,0.0,0.0,0.0,0.0,0.0,0.0,0.0,0.0,0.0,0.0,0.0,0.0,0.0
Greece,GRC,12549.04,14177.57,18518.38,21995.48,22560.15,24821.94,28863.97,32127.98,29828.76,26716.65,25483.88,21913.0,21787.79,21616.71,18083.88,17923.97,18582.09,19756.99,19133.76
Greenland,GRL,19275.47,20652.88,27459.76,32023.45,32489.78,35458.12,39780.95,44367.06,44918.56,43988.33,47186.98,45936.77,47535.59,50484.93,44536.4,48181.87,50766.6,54545.3,53256.24
Grenada,GRD,5041.01,5213.8,5682.71,5741.65,6645.99,6658.22,7212.99,7832.35,7290.83,7258.17,7291.74,7444.09,7789.63,8370.04,9096.54,9628.26,10152.83,10466.88,10834.5
Guam,GUM,0.0,21594.04,22628.28,24472.78,26596.21,26713.06,27680.55,29288.78,30320.54,31040.08,31210.47,32908.31,33656.45,34843.21,35829.25,36214.01,36601.92,36556.67,38040.59
Guatemala,GTM,1550.36,1682.99,1737.88,1859.1,2068.5,2251.09,2490.75,2802.46,2651.82,2852.55,3228.05,3355.04,3522.77,3779.64,3994.64,4173.3,4454.05,4478.42,4638.63
Guinea,GIN,336.15,343.6,393.74,407.3,322.42,453.4,659.99,715.1,674.09,672.42,651.14,717.05,769.0,787.24,769.26,732.29,855.58,955.11,1052.59
Guinea-Bissau,GNB,319.96,333.06,372.06,405.08,436.48,430.0,493.72,600.0,559.41,558.17,703.66,616.38,634.66,623.31,603.4,661.46,738.55,802.77,749.45
Guyana,GUY,955.67,974.95,997.21,1056.42,1105.51,3188.67,3658.48,4050.79,4233.77,4580.7,4908.57,5378.81,5489.14,5407.15,5576.83,5811.4,6124.95,6145.82,6609.51
Haiti,HTI,735.52,692.03,542.33,667.28,781.28,804.52,1002.89,1086.94,1183.6,1191.97,1287.95,1337.34,1432.84,1435.14,1386.85,1290.38,1369.06,1479.35,1312.77
Honduras,HND,1133.19,1134.06,1158.18,1217.82,1308.09,1430.06,1583.05,1739.35,1789.71,1904.35,2088.32,2144.34,2102.59,2206.05,2302.2,2342.58,2453.73,2510.32,2574.36
"Hong Kong SAR, China",HKG,25230.22,24665.89,23977.02,24928.1,26649.75,28224.22,30594.02,31515.66,30697.34,32550.0,35142.49,36730.88,38403.78,40315.29,42431.89,43733.92,46160.43,48537.57,48356.06
Hungary,HUN,5276.03,6655.33,8421.1,10303.7,11225.93,11493.1,13944.97,15777.19,13081.79,13223.08,14240.26,12989.18,13719.95,14298.83,12720.71,13107.38,14623.7,16427.37,16735.66
Iceland,ISL,28897.44,32409.22,39476.7,47334.93,56794.85,57492.93,69495.73,56943.37,41301.27,43237.07,47714.59,45995.55,49804.98,54576.74,52951.68,61987.93,72010.15,74469.8,68941.46
India,IND,451.57,470.99,546.73,627.77,714.86,806.75,1028.33,998.52,1101.96,1357.56,1458.1,1443.88,1449.61,1573.89,1605.61,1732.55,1980.67,1998.26,2072.24
Indonesia,IDN,748.26,900.18,1065.65,1150.26,1263.29,1589.8,1860.0,2166.85,2261.25,3122.36,3643.05,3694.36,3623.93,3491.64,3331.7,3562.82,3837.58,3893.86,4135.23
"Iran, Islamic Rep.",IRN,1909.41,1911.68,2253.94,2756.2,3246.05,3774.36,4904.67,5717.31,5709.95,6599.66,8389.27,8525.77,6443.03,5943.05,5200.68,5755.8,6032.07,4046.34,3514.04
Iraq,IRQ,1494.39,1320.73,854.83,1391.96,1855.52,2373.21,3182.84,4636.64,3853.83,4657.28,6045.49,6836.07,7076.55,6637.68,4688.32,4550.66,4985.45,5915.85,5943.46
Ireland,IRL,28282.41,32705.43,41203.53,47754.2,50933.02,54329.16,61396.42,61353.11,52133.09,48655.37,52177.11,49026.02,51533.03,55599.85,62012.48,62861.64,69774.03,79107.6,80886.62
Isle of Man,IMN,21351.12,24864.44,29522.28,35494.67,37766.68,42107.84,54196.3,70986.3,65029.02,69767.34,77349.23,79148.33,83357.13,92334.65,85126.97,82197.13,83477.83,89112.67,86481.55
Israel,ISR,20316.25,18439.65,18991.38,19910.61,20585.14,21853.14,24952.55,29650.77,27780.46,30780.02,33775.51,32667.61,36499.46,37847.65,35808.44,37330.26,40774.13,42063.45,43951.25
Italy,ITA,20500.95,22376.3,27526.32,31317.2,32055.09,33529.73,37870.75,40944.91,37226.76,36035.64,38649.64,35051.52,35560.08,35565.72,30242.39,30960.73,32406.72,34622.17,33673.48
Jamaica,JAM,3437.66,3609.2,3480.51,3733.8,4103.6,4331.29,4623.75,4928.13,4335.18,4704.05,5111.47,5209.86,4989.73,4834.28,4907.93,4843.75,5070.1,5359.99,5369.5
Japan,JPN,34406.18,32820.79,35387.04,38298.98,37812.9,35991.55,35779.02,39876.3,41309.0,44968.16,48760.08,49145.28,40898.65,38475.4,34960.64,39375.47,38834.05,39727.12,40458.0
Jordan,JOR,1720.36,1802.06,1876.26,2044.96,2183.39,2513.03,2735.38,3455.77,3559.69,3736.65,3852.89,3910.35,4044.43,4131.45,4164.11,4175.36,4231.52,4308.15,4405.49
Kazakhstan,KAZ,1490.93,1658.03,2068.12,2874.29,3771.28,5291.58,6771.41,8458.02,7165.22,9070.49,11634.0,12386.7,13890.63,12807.26,10510.77,7714.84,9247.58,9812.63,9812.6
Kenya,KEN,395.33,389.54,429.79,451.67,511.62,685.95,825.67,902.07,1035.34,1080.3,1085.49,1271.82,1354.82,1462.22,1464.55,1525.24,1633.49,1794.09,1909.3
Kiribati,KIR,735.07,826.92,1015.67,1131.15,1214.64,1168.47,1374.4,1428.13,1312.02,1508.79,1724.98,1782.92,1710.59,1625.99,1535.16,1586.34,1648.59,1693.95,1512.95
"Korea, Dem. People's Rep.",PRK,0.0,0.0,0.0,0.0,0.0,0.0,0.0,0.0,0.0,0.0,0.0,0.0,0.0,0.0,0.0,0.0,0.0,0.0,0.0
"Korea, Rep.",KOR,11561.25,13165.07,14672.86,16496.12,19402.5,21743.48,24086.41,21350.43,19143.85,23087.23,25096.26,25466.76,27182.73,29249.58,28732.23,29288.87,31616.84,33436.92,31902.42
Kosovo,XKX,0.0,0.0,0.0,0.0,0.0,0.0,0.0,2965.45,2847.56,3009.56,3540.89,3410.86,3704.78,3902.68,3520.77,3759.56,4009.38,4384.05,4416.11
Kuwait,KWT,16587.25,17846.38,22148.38,27011.65,35591.04,42781.56,45782.15,55494.93,37561.73,38577.5,48631.78,51979.12,49388.05,44062.34,29869.55,27653.16,29759.47,33399.06,32373.25
Kyrgyz Republic,KGZ,308.41,321.73,380.51,433.23,476.55,543.11,721.77,966.39,871.22,880.04,1123.88,1177.97,1282.44,1279.77,1121.08,1120.67,1242.77,1308.14,1374.03
Lao PDR,LAO,326.94,320.06,362.82,417.93,475.61,591.0,710.38,900.74,949.18,1141.24,1378.5,1581.63,1831.94,1999.96,2140.04,2324.4,2455.21,2569.09,2613.94
Latvia,LVA,3578.0,4136.93,5145.2,6378.67,7594.9,9723.45,14113.53,16467.14,12331.93,11420.99,13338.96,13847.34,15007.49,15742.39,13786.46,14331.75,15695.12,17865.03,17926.84
Lebanon,LBN,4422.39,4579.46,4576.39,4630.79,4575.11,4626.85,5207.79,6111.33,7354.95,7761.64,7675.31,7948.69,7928.29,7681.66,7643.01,7617.69,7776.03,8003.83,7527.44
Lesotho,LSO,405.61,382.19,573.65,753.38,842.81,904.61,846.54,889.13,874.73,1119.84,1287.27,1229.64,1166.91,1194.58,1146.06,1018.78,1102.63,1192.48,1153.39
Liberia,LBR,306.71,306.47,243.09,286.06,294.89,336.12,396.6,478.4,470.95,513.45,596.9,675.01,747.87,739.91,721.58,740.91,721.09,710.27,672.34
Libya,LBY,6266.49,3703.04,4673.15,5800.59,8163.01,10207.96,11387.09,14311.24,9913.65,12162.67,7709.94,14721.87,11921.91,9017.93,7590.44,7687.88,10205.32,11482.13,10218.04
Liechtenstein,LIE,74287.41,79345.75,89859.87,100289.24,105399.26,114374.25,130655.64,143264.06,126096.61,141192.53,158130.46,149010.22,173030.21,178864.85,167313.27,165642.39,171253.96,176499.4,169049.16
Lithuania,LTU,3525.79,4141.59,5499.43,6700.33,7854.77,9230.71,12285.45,14945.0,11820.78,11987.51,14376.95,14367.71,15729.65,16551.02,14263.96,15008.31,16885.41,19186.18,19575.77
Luxembourg,LUX,48440.14,53005.73,65689.32,76544.92,80988.14,90788.8,107475.32,120422.14,109419.75,110885.99,119025.06,112584.68,120000.14,123678.7,105462.01,106899.29,110193.21,117254.74,113218.71
"Macao SAR, China",MAC,15665.3,16424.93,17921.1,22568.31,25183.13,30121.56,36550.51,40810.83,41010.07,52473.19,66891.28,76572.15,89260.76,93022.88,74818.95,73545.76,81019.47,87526.08,86197.37
Madagascar,MDG,334.44,319.22,368.8,284.49,319.54,338.75,438.66,536.35,467.54,471.96,531.27,518.15,541.07,530.86,467.24,475.96,515.29,518.4,526.22
Malawi,MWI,150.15,298.43,267.4,282.57,289.56,308.16,332.26,387.61,438.21,478.67,534.95,391.56,348.43,371.27,380.6,315.78,506.14,544.59,591.85
Malaysia,MYS,3913.43,4165.73,4461.85,4952.21,5587.02,6209.13,7243.46,8474.59,7292.49,9040.57,10399.37,10817.43,10970.1,11319.06,9955.24,9817.79,10259.3,11380.08,11432.83
Maldives,MDV,3038.78,3049.21,3476.01,3941.43,3640.01,4809.93,5574.4,6614.24,6636.54,7076.74,7291.47,7265.72,7928.48,8499.31,9033.41,9209.44,9577.35,10279.08,10561.61
Mali,MLI,307.71,336.42,393.41,440.96,489.02,523.04,597.48,697.09,701.71,710.27,837.61,778.63,805.03,848.28,751.47,780.72,830.02,894.8,879.04
Malta,MLT,10402.23,11289.89,13669.5,15197.06,15888.17,16723.88,19485.87,22205.36,21083.28,21799.17,23155.55,22527.64,24771.08,26754.27,24921.6,25624.54,28857.02,31573.12,31185.65
Marshall Islands,MHL,2389.06,2515.62,2457.65,2431.17,2471.35,2537.72,2646.87,2704.46,2662.33,2846.07,3046.29,3181.62,3246.63,3185.26,3199.89,3491.0,3672.58,3793.55,4073.11
Mauritania,MRT,646.12,639.67,717.9,803.78,970.84,1259.54,1357.12,1579.51,1389.34,1610.92,1879.77,1815.22,1892.1,1677.11,1524.07,1536.86,1587.86,1669.77,1743.3
Mauritius,MUS,3856.63,4018.95,4793.72,5388.07,5282.91,5695.97,6574.65,8030.06,7318.13,8000.38,9197.03,9291.23,9637.0,10153.94,9260.45,9681.62,10484.91,11208.34,11097.17
Mexico,MEX,7544.57,7593.14,7075.37,7484.49,8277.67,9068.29,9642.68,10016.57,8002.97,9271.4,10203.42,10241.73,10725.18,10928.92,9616.65,8744.52,9287.85,9686.98,9950.22
"Micronesia, Fed. Sts.",FSM,2248.49,2265.94,2295.87,2253.11,2358.15,2406.11,2458.66,2541.26,2721.98,2885.31,3009.26,3131.39,2994.79,2971.51,2906.62,3014.7,3289.64,3568.29,3624.25
Moldova,MDA,507.56,570.97,682.53,897.45,1034.71,1183.38,1531.69,2111.2,1899.01,2437.54,2942.25,3045.73,3322.05,3328.79,2732.46,2880.44,3509.69,4230.63,4492.11
Monaco,MCO,83724.47,90506.86,108656.8,123523.49,124197.28,134048.62,169966.31,185785.73,154775.38,150737.89,169016.2,157520.22,177673.75,189432.37,165989.51,170028.66,167517.06,185978.61,189487.15
Mongolia,MNG,524.05,571.59,646.19,797.98,998.83,1334.21,1632.73,2136.56,1714.36,2643.29,3757.57,4351.89,4366.09,4158.52,3875.32,3658.39,3687.1,4156.85,4404.85
Montenegro,MNE,1909.6,2106.64,2789.16,3380.17,3674.62,4425.68,5976.39,7367.75,6727.11,6688.48,7328.93,6586.72,7188.86,7387.87,6517.19,7033.44,7803.36,8850.38,8909.89
Morocco,MAR,1339.29,1416.49,1725.46,1952.9,2018.03,2196.01,2499.26,2890.36,2866.92,2839.93,3046.95,2912.66,3121.68,3171.7,2875.26,2896.72,3035.45,3226.98,3235.0
Mozambique,MOZ,296.27,302.55,326.08,383.27,416.81,435.33,482.2,563.65,520.4,471.9,594.59,657.65,664.08,673.97,589.86,428.93,461.41,503.3,506.82
Myanmar,MMR,131.72,128.1,161.06,193.37,216.31,240.62,314.2,460.91,586.17,746.95,1061.34,1134.3,1168.17,1210.1,1196.74,1136.61,1151.11,1250.17,1271.11
Namibia,NAM,1950.65,1808.88,2621.7,3464.42,3739.53,4059.1,4405.41,4212.37,4295.39,5395.0,5806.75,5942.29,5392.09,5469.9,4896.62,4546.99,5367.11,5588.39,5028.3
Nauru,NRU,0.0,0.0,0.0,0.0,0.0,0.0,0.0,0.0,0.0,4752.18,6560.27,9562.67,9648.5,10171.48,8341.01,9521.04,10339.39,11614.67,11029.74
Nepal,NPL,246.73,244.72,252.4,286.16,315.81,346.95,391.38,470.46,478.17,592.4,797.81,804.14,823.36,844.85,901.75,899.52,1048.45,1178.53,1194.96
Netherlands,NLD,26896.55,29343.24,35750.97,40436.62,41994.71,44900.94,51799.21,57879.94,52722.21,50999.75,54230.31,50070.14,52198.9,52900.54,45193.4,46039.11,48675.22,53044.53,52476.27
New Caledonia,NCL,15174.28,16885.9,21817.32,25770.54,26861.71,29604.04,36864.88,37353.75,35391.08,37494.88,40697.63,37294.03,38503.26,39675.58,32520.3,32391.2,33976.55,36382.5,34788.54
New Zealand,NZL,13882.86,16874.19,21913.71,25420.23,27751.07,26654.59,32479.98,31252.96,28209.36,33676.77,38387.63,39973.38,42976.65,44572.9,38630.73,40058.2,42925.0,43250.44,42865.23
Nicaragua,NIC,1034.55,1000.94,1005.73,1080.27,1162.29,1226.63,1327.95,1499.26,1444.37,1503.87,1655.81,1760.46,1811.64,1934.06,2049.85,2107.57,2159.16,2014.58,1924.47
Niger,NER,208.38,228.24,268.35,286.49,321.72,336.28,390.28,478.5,464.06,476.87,512.6,529.74,552.57,564.6,484.15,500.21,517.77,570.72,554.1
Nigeria,NGA,590.38,741.75,795.39,1007.87,1268.38,1656.42,1883.46,2259.11,1911.61,2280.44,2487.6,2723.82,2961.55,3098.99,2687.48,2176.0,1968.57,2027.78,2229.86
North Macedonia,MKD,1823.02,1989.14,2440.48,2795.9,3072.68,3362.97,4079.39,4841.25,4584.71,4577.69,5098.1,4728.31,5241.06,5495.74,4861.55,5149.59,5450.49,6108.74,6070.39
Northern Mariana Islands,MNP,0.0,21981.78,21379.02,21139.06,18763.15,17714.63,16988.14,17191.19,14669.52,14804.25,13496.75,13736.97,14091.19,15044.94,16314.38,21891.18,27584.74,22886.67,20659.64
Norway,NOR,38542.72,43084.47,50134.89,57603.84,66810.48,74148.32,85139.96,96944.1,79977.7,87693.79,100600.56,101524.14,102913.45,97019.18,74355.52,70460.56,75496.75,82267.81,75719.75
Oman,OMN,8475.97,8626.97,9066.31,10126.14,12377.08,14420.51,15838.47,22139.74,16823.79,21369.35,23837.31,24988.01,23888.63,23017.93,18444.93,16772.74,17329.19,18947.37,17700.7
Pakistan,PAK,544.49,534.3,599.38,687.84,748.92,836.86,908.1,990.85,958.0,987.41,1164.98,1198.12,1208.92,1251.18,1356.67,1540.18,1631.53,1678.04,1481.81
Palau,PLW,8092.21,8307.96,7771.21,8317.11,9626.61,9843.05,10381.42,10598.88,10252.75,10356.63,11094.83,12044.11,12561.34,13711.76,15876.46,16835.99,16019.99,15895.26,15232.49
Panama,PAN,4046.43,4126.23,4267.29,4592.15,4916.91,5348.88,6166.19,7154.27,7576.14,8082.02,9358.27,10722.26,11889.1,12796.07,13630.3,14343.98,15146.41,15545.0,15774.25
Papua New Guinea,PNG,515.68,491.83,568.25,618.04,749.19,1256.98,1401.95,1672.95,1626.31,1949.35,2406.91,2790.68,2729.89,2920.78,2679.35,2509.63,2695.25,2801.37,2820.31
Paraguay,PRY,1565.05,1300.85,1365.42,1679.5,1843.63,2271.09,2976.84,4047.7,3626.75,4342.07,5326.36,5185.14,5936.98,6118.32,5413.78,5324.61,5678.87,5782.78,5383.57
Peru,PER,1941.48,2021.24,2145.64,2417.03,2729.5,3154.33,3606.07,4220.62,4196.31,5082.35,5869.32,6528.97,6756.75,6672.88,6229.1,6205.0,6710.51,6958.5,7023.08
Philippines,PHL,990.57,1036.16,1048.01,1121.49,1244.35,1452.44,1744.64,1998.03,1904.2,2217.47,2450.74,2694.31,2871.43,2959.65,3001.04,3073.65,3123.25,3252.11,3485.34
Poland,POL,4991.24,5207.17,5701.6,6681.39,8021.51,9035.41,11254.52,13996.03,11526.06,12613.01,13879.56,13097.27,13696.47,14271.31,12578.5,12447.44,13864.68,15468.48,15732.2
Portugal,PRT,11734.76,12936.69,15797.78,18064.16,18780.13,19839.45,22811.06,24949.04,23151.22,22520.64,23217.3,20563.71,21653.2,22103.7,19250.11,19991.97,21490.43,23562.55,23330.82
Puerto Rico,PRI,18123.2,18731.46,19557.12,20988.99,21959.32,22935.94,23664.88,24898.33,25768.73,26435.75,27278.88,27944.73,28513.17,28981.46,29763.49,30627.16,31108.76,31604.7,32850.55
Qatar,QAT,28517.22,30214.67,34517.6,42124.94,51455.95,59530.56,65421.38,80234.19,59094.66,67403.09,82409.94,85075.99,85050.68,83858.34,63039.11,57162.97,59124.87,65907.95,62087.97
Romania,ROU,1825.18,2119.88,2679.41,3494.94,4617.93,5757.5,8360.17,10435.04,8548.12,8214.08,9099.22,8507.1,9547.85,10043.68,8969.15,9548.59,10807.01,12398.98,12899.35
Russian Federation,RUS,2100.35,2377.53,2975.13,4102.36,5323.46,6920.19,9101.25,11635.27,8562.81,10675.0,14311.08,15420.88,15974.64,14095.65,9313.01,8704.9,10720.33,11287.36,11536.25
Rwanda,RWA,238.79,233.16,249.75,273.64,331.7,366.91,438.68,543.57,579.75,609.75,668.53,725.2,722.93,742.97,751.11,744.79,772.29,783.81,820.18
Samoa,WSM,1518.29,1597.38,1878.67,2283.07,2653.0,2763.93,3150.59,3499.46,3402.85,3566.46,3933.46,4022.18,4037.81,3937.19,4073.73,4109.66,4258.98,4187.5,4322.87
San Marino,SMR,38730.8,41464.75,51270.13,59558.77,60900.54,64261.03,72697.71,78643.55,66703.22,60254.78,57297.51,49988.46,51570.98,50817.33,42662.9,43828.23,45399.03,48996.59,47727.13
Sao Tome and Principe,STP,524.67,577.63,678.74,745.32,866.5,883.1,896.87,1098.76,1067.91,1090.26,1254.54,1330.62,1564.77,1770.47,1584.78,1700.1,1813.81,1953.51,1987.58
Saudi Arabia,SAU,8684.65,8695.4,9609.97,11185.14,13791.45,15384.74,16516.63,20078.26,16113.14,19262.55,23745.88,25243.6,24845.12,24464.21,20627.92,19878.77,20802.46,24228.84,23450.56
Senegal,SEN,648.44,681.31,831.83,932.17,992.69,1027.73,1197.41,1403.95,1308.94,1271.58,1366.77,1317.78,1372.67,1396.66,1219.25,1269.9,1361.7,1458.08,1435.83
Serbia,SRB,1727.28,2283.85,3005.43,3502.8,3720.48,4382.62,5848.48,7101.04,6169.11,5735.42,6809.16,6015.95,6755.07,6600.06,5588.98,5765.2,6292.54,7252.4,7417.2
Seychelles,SYC,7663.14,8331.26,8524.96,10176.66,11092.51,12014.4,12154.83,11122.86,9706.96,10804.72,12189.06,11998.42,14764.92,15188.19,15157.5,15740.11,16416.73,16910.67,17252.02
Sierra Leone,SLE,229.38,252.4,266.45,266.57,292.35,323.39,360.37,408.48,391.2,401.83,448.34,566.38,716.84,714.7,588.23,501.42,496.68,533.99,521.75
Singapore,SGP,21700.02,22159.69,23730.15,27608.54,29961.26,33769.15,39432.94,40007.47,38927.21,47236.96,53890.43,55546.49,56967.43,57562.53,55646.62,56860.41,61150.73,66859.34,65831.19
Sint Maarten (Dutch part),SXM,0.0,0.0,0.0,0.0,0.0,0.0,0.0,0.0,0.0,0.0,27997.29,28460.33,27942.88,33043.69,32274.89,31616.68,29369.06,28988.26,0.0
Slovak Republic,SVK,5722.17,6564.7,8731.94,10691.45,11690.11,13170.78,16106.06,18753.58,16597.21,16841.77,18430.13,17429.83,18208.42,18655.79,16342.22,16512.29,17538.05,19389.98,19303.55
Slovenia,SVN,10479.76,11777.16,14849.04,17233.14,18098.91,19672.97,23817.89,27595.6,24792.13,23532.48,25128.02,22641.81,23503.28,24247.17,20890.17,21678.36,23514.03,26116.86,25942.95
Solomon Islands,SLB,965.94,795.54,788.63,866.99,1014.72,1119.58,1260.25,1389.06,1428.62,1604.15,1938.78,2141.91,2248.73,2274.97,2167.16,2225.48,2332.9,2411.9,2344.05
Somalia,SOM,0.0,0.0,0.0,0.0,0.0,0.0,0.0,0.0,0.0,0.0,0.0,0.0,350.17,374.11,386.44,389.82,384.46,389.83,419.39
South Africa,ZAF,2971.82,2797.09,4217.11,5409.13,6033.1,6266.53,6780.88,6350.65,6532.74,8148.96,8810.93,8222.2,7467.08,6988.81,6259.84,5756.97,6690.94,7005.1,6624.76
South Sudan,SSD,0.0,0.0,0.0,0.0,0.0,0.0,0.0,1669.49,1337.88,1535.71,1516.4,1179.74,1779.47,1322.82,1119.65,0.0,0.0,0.0,0.0
Spain,ESP,15369.0,17106.69,21510.84,24907.0,26429.15,28389.08,32591.35,35510.72,32169.5,30532.48,31677.9,28322.81,29067.81,29500.79,25742.37,26523.35,28170.17,30364.58,29554.49
Sri Lanka,LKA,832.8,867.49,982.2,1065.78,1248.7,1435.82,1630.39,2037.32,2090.4,2799.65,3200.86,3350.52,3610.29,3819.25,3843.78,3886.29,4077.04,4059.21,3848.21
St. Kitts and Nevis,KNA,10283.03,10650.85,10270.6,10942.73,11679.41,13614.49,14429.55,16142.04,15931.87,15888.64,16910.57,16564.06,17393.43,18789.63,18717.43,19542.16,20382.78,20567.26,22047.88
St. Lucia,LCA,5642.75,5646.46,6150.92,6591.65,6949.2,7669.21,7969.8,8456.69,8137.75,8540.07,8983.74,9086.39,9378.99,9843.31,10093.62,10362.35,11034.63,11353.72,11591.08
St. Martin (French part),MAF,0.0,0.0,0.0,0.0,0.0,0.0,0.0,0.0,0.0,0.0,20717.09,0.0,0.0,21459.32,0.0,0.0,0.0,0.0,0.0
St. Vincent and the Grenadines,VCT,4282.69,4512.36,4699.79,5067.27,5339.39,5925.32,6575.96,6758.82,6596.0,6654.79,6590.0,6732.44,7040.63,7081.07,7207.17,7438.79,7717.85,8024.03,8229.72
Sudan,SDN,456.62,512.44,586.75,711.92,914.17,1143.93,1461.32,1551.09,1358.53,1683.21,1947.18,1746.03,1781.01,2022.72,2184.54,2583.45,3178.31,773.51,755.33
Suriname,SUR,1750.58,2267.75,2611.38,3006.18,3590.65,5197.75,5744.76,6831.98,7408.36,8255.87,8263.2,9200.97,9402.16,9471.92,9168.24,5872.79,6295.56,6938.09,6853.69
Sweden,SWE,27247.86,29899.2,37321.8,42821.67,43437.06,46593.6,53700.01,56152.55,46946.96,52869.04,60755.76,58037.82,61126.94,60020.36,51545.48,51965.16,53791.51,54589.06,51939.43
Switzerland,CHE,39727.85,42578.76,49470.4,54878.47,56546.79,59300.62,65359.52,74572.23,72083.17,77117.13,91254.03,86547.67,88109.49,89684.71,84776.14,83073.28,83352.09,86388.4,85334.52
Syrian Arab Republic,SYR,5175.26,5300.58,5494.84,6330.74,7309.11,8069.56,9056.63,10554.08,10589.6,11820.61,3491.95,2158.53,1151.9,1179.86,979.14,713.03,955.84,1265.61,0.0
Tajikistan,TJK,171.05,190.0,237.76,311.63,340.58,408.84,526.64,715.87,676.12,749.55,847.38,969.3,1048.23,1104.17,978.4,807.1,848.67,853.22,890.54
Tanzania,TZA,406.54,411.97,431.28,459.26,492.63,485.5,552.84,687.39,695.22,743.4,781.43,867.86,970.4,1030.08,947.93,966.5,1004.91,1042.84,1085.88
Thailand,THA,1893.26,2096.19,2359.12,2660.13,2894.06,3369.54,3973.02,4379.66,4213.01,5076.34,5492.12,5860.58,6168.26,5951.88,5840.05,5993.31,6593.82,7298.95,7814.38
Timor-Leste,TLS,529.78,508.84,517.83,453.51,464.55,446.47,523.74,614.44,676.62,806.41,936.45,1024.17,1210.04,1232.45,1332.79,1353.75,1299.49,1249.14,1583.71
Togo,TGO,292.82,328.4,396.92,413.33,406.56,408.06,449.74,546.35,540.61,534.04,587.1,571.81,621.4,640.93,570.91,803.15,830.75,901.52,893.35
Tonga,TON,1839.09,1845.67,2030.78,2301.65,2594.42,2873.08,2910.15,3331.55,3006.61,3527.95,4002.81,4581.78,4428.15,4354.24,4336.24,4157.88,4513.43,4740.7,4903.01
Trinidad and Tobago,TTO,6939.83,7053.09,8807.87,10293.87,12327.28,14102.59,16539.89,21204.01,14514.24,16683.39,19034.12,19171.21,20162.73,20290.52,18383.54,16241.41,16747.91,17139.19,17123.12
Tunisia,TUN,2253.03,2344.4,2760.41,3111.37,3193.2,3369.92,3776.33,4307.58,4128.46,4344.62,4479.92,4361.68,4444.85,4543.99,4094.84,3924.35,3687.78,3690.9,3571.95
Turkiye,TUR,3142.92,3687.96,4760.1,6101.63,7456.3,8101.86,9791.88,10941.17,9103.47,10742.77,11420.56,11795.63,12614.78,12157.99,11006.28,10894.6,10589.67,9454.35,9121.52
Turkmenistan,TKM,774.48,967.89,1283.91,1453.92,1704.42,2136.47,2600.37,3904.47,4036.46,4439.2,5649.96,6675.18,7304.29,7962.24,6432.69,6387.68,6587.09,6967.38,7612.04
Turks and Caicos Islands,TCA,16625.49,15785.96,16384.9,18181.09,20533.19,24559.14,25457.98,27650.12,22020.35,21029.7,21839.01,21345.03,21715.31,23778.52,26183.89,28241.48,27545.13,29553.14,31350.87
Tuvalu,TUV,1473.42,1755.69,2000.88,2309.54,2291.64,2381.54,2783.98,3090.05,2696.32,3051.44,3688.64,3662.1,3559.54,3532.28,3316.66,3706.33,3978.68,4156.31,4652.35
Uganda,UGA,239.47,245.5,254.3,296.01,333.73,349.22,403.66,474.52,799.97,822.54,832.57,790.13,810.09,883.53,847.27,736.56,746.83,770.6,798.59
Ukraine,UKR,807.8,911.91,1087.79,1416.6,1894.47,2391.32,3197.93,4066.55,2639.39,3078.43,3704.82,4004.8,4187.74,3104.64,2124.66,2187.73,2638.33,3096.56,3661.46
United Arab Emirates,ARE,31280.76,31567.55,33499.1,36333.19,39365.46,41907.42,41809.46,44498.94,32024.2,33893.28,39194.68,40976.5,42412.64,43751.82,38663.39,38141.88,40644.79,43839.32,42701.44
United Kingdom,GBR,27806.45,30049.9,34487.47,40371.71,42132.09,44654.1,50653.26,47549.35,38952.21,39688.61,42284.88,42686.8,43713.81,47787.24,45404.57,41499.56,40857.76,43646.95,43070.5
United States,USA,37133.62,37997.76,39490.27,41724.63,44123.41,46302.0,48050.22,48570.05,47194.94,48650.64,50065.97,51784.42,53291.13,55123.85,56762.73,57866.74,59914.78,62805.25,65094.8
Uruguay,URY,6284.46,4090.89,3624.21,4120.54,5226.94,5887.85,7026.5,9091.08,9451.93,11992.02,14236.71,15171.58,16973.69,16831.95,15613.75,16715.63,18690.89,18703.86,17688.02
Uzbekistan,UZB,456.71,383.34,396.38,465.12,546.78,654.28,830.41,1082.29,1213.27,1742.35,2051.13,2267.62,2419.72,2628.46,2753.97,2704.68,1916.76,1597.07,1784.01
Vanuatu,VUT,1363.19,1354.1,1580.58,1788.12,1887.23,2049.53,2352.97,2629.05,2573.89,2839.41,3173.82,2997.29,2954.77,2926.68,2695.67,2805.67,3082.54,3125.44,3122.98
"Venezuela, RB",VEN,4986.68,3700.88,3272.62,4325.7,5504.98,6833.38,8454.47,11432.75,11765.1,13825.36,10955.54,12986.22,12457.77,16055.65,0.0,0.0,0.0,0.0,0.0
Vietnam,VNM,404.81,430.05,480.58,546.91,687.48,784.37,906.28,1149.42,1217.27,1673.33,1942.09,2178.04,2354.87,2545.42,2581.62,2745.57,2974.12,3230.93,3425.09
Virgin Islands (U.S.),VIR,0.0,30062.02,31731.26,35006.36,40828.75,41377.15,44158.51,39152.38,38753.18,39905.13,38997.14,37795.32,34597.98,33045.36,34007.35,35324.97,35365.07,36653.86,38596.03
West Bank and Gaza,PSE,1335.55,1156.22,1257.7,1422.19,1543.7,1570.1,1664.25,2035.2,2191.78,2557.08,2880.8,3067.44,3315.3,3352.11,3272.15,3527.61,3620.36,3562.33,3656.86
"Yemen, Rep.",YEM,550.36,579.85,620.38,709.97,832.84,921.42,1017.29,1229.25,1116.08,1334.78,1374.62,1446.54,1607.15,1674.0,1601.81,1152.74,964.34,758.15,750.55
Zambia,ZMB,382.94,382.24,435.46,538.59,702.74,1047.92,1124.29,1394.0,1159.91,1489.46,1672.91,1763.07,1878.35,1762.43,1338.29,1280.81,1535.2,1516.37,1305.0
Zimbabwe,ZWE,568.39,530.53,478.01,483.0,476.56,447.85,431.79,356.69,771.6,948.33,1093.65,1304.97,1430.0,1434.9,1445.07,1464.59,1235.19,1254.64,1316.74
